site,time,Abies,Acacia,Acalypha,Acer,Agavaceae,Alnus,Alternanthera,Amaranthaceae,Ambrosia-type,Anacardaceae,Apiaceae,Arceuthobium,Arecaceae undiff.,Artemisia,Asteraceae undiff.,Begonia,Betula,Bignoniaceae undiff.,Brassicaceae,Brosimum (combine with moraceae),Bursera,Buxus,Byrsonima,Caesalpinia,Campanulaceae,Caprifoliaceae sensu lato,Carya,Caryophyllaceae,Casearia,Cassia,Castanea,Ceanothus,Cecropia,Celastra,Celtis,Ceratiola ericoides,Cercocarpus-type,Combretaceae/Melastomataceae undiff.,Connarus,Convolvulaceae undiff.,Corylus,Croton,Cupressaceae undiff.,Cyclachaena xanthiifolia-type,Dodonaea,Ephedra,Ericaceae,Eriogonum,Eugenia,Euphorbiaceae undiff.,Fabaceae,Fagaceae undiff.,Ficus,Fraxinus,Galium,Gentianaceae,Gordonia,Gustavia,Hedyosmum,Hieronyma,Hymenaea,Ilex,Inga,Iresine,Iva,Juglans,Lamiaceae,Leitneria floridana,Liliaceae,Linanthus,Lindernia,Liquidambar,Lysichiton,Machaerium,Magnolia,Malpighiaceae undiff.,Malvaceae,Mandevilla,Melastomataceae undiff.,Meliaceae undiff.,Micranthes,Monardella,Moraceae undiff.,Myrica,Myrsine,Myrtaceae undiff.,Nyssa,Olacaceae undiff.,Onagraceae,Opuntia,Ostrya/Carpinus,Oxalidaceae,Papaver,Paullinia,Pedicularis,Phlox-type,Picea,Pinus undiff,Plantago,Platanus,Poaceae,Polemoniaceae,Polygaceae,Polygonaceae undiff.,Populus,Portulacaceae,Potentilla,Prosopis,Protium,Pseudotsuga,Psychotria,Quercus,Ranunculaceae,Rhamnaceae,Rhododendron subsect. Ledum,Rhus,Ribes,Rosaceae,Rubiaceae,Rumex,Sabal,Salix,Sambucus,Sanguisorba,Sapium,Sarcobatus vermiculatus,Saxifragaceae,Schinus,Serenoa,Shepherdia canadensis,Spermacoce,Spiraea-type,Spondias,Stellaria-type,Symphoricarpos,Taxodium,Taxus brevifolia,Thalictrum,Tilia,Trema,Tsuga heterophylla,Tsuga mertensiana,Ulmus,Verbenaceae,Viburnum,Vitex,Vitis,Yucca,Zanthoxylum
patzcuaro01,20,0,0,0,0,0,0.026119403,0,0.01119403,0.007462687,0,0,0,0,0,0.014925373,0,0,0,0,0,0,0,0,0,0,0,0,0,0,0,0,0,0,0,0,0,0,0,0,0,0,0,0,0,0,0,0,0,0,0,0,0,0,0,0,0,0,0,0,0,0,0,0,0,0,0,0,0,0,0,0,0,0,0,0,0,0,0,0,0,0,0,0,0,0,0,0,0,0,0,0,0,0,0,0,0,0,0.746268657,0,0,0.029850746,0,0,0,0,0,0,0,0,0,0,0.164179104,0,0,0,0,0,0,0,0,0,0,0,0,0,0,0,0,0,0,0,0,0,0,0,0,0,0,0,0,0,0,0,0,0,0,0,0,0
patzcuaro02,64,0,0,0,0,0,0.007067138,0,0.010600707,0.003533569,0,0,0,0,0.003533569,0.010600707,0,0,0,0,0,0,0,0,0,0,0,0,0,0,0,0,0,0,0,0,0,0,0,0,0,0,0,0,0,0,0,0,0,0,0,0,0,0,0.010600707,0,0,0,0,0,0,0,0,0,0,0,0,0,0,0,0,0,0,0,0,0,0,0,0,0,0,0,0,0,0,0,0,0,0,0,0,0.007067138,0,0,0,0,0,0,0.777385159,0,0,0.056537102,0,0,0,0,0,0,0,0,0,0,0.109540636,0,0,0,0,0,0,0,0,0,0,0,0,0,0,0,0,0,0,0,0,0,0,0,0,0,0.003533569,0,0,0,0,0,0,0,0,0,0,0
patzcuaro03,136,0,0,0,0,0,0.020833333,0,0.013888889,0.020833333,0,0,0,0,0,0.03125,0,0,0,0,0,0,0,0,0,0,0,0,0,0,0,0,0,0,0,0,0,0,0,0,0,0,0,0.010416667,0,0,0,0,0,0,0,0,0,0,0.003472222,0,0,0,0,0,0,0,0,0,0,0,0,0,0,0,0,0,0,0,0,0,0,0,0,0,0,0,0,0,0,0,0,0,0,0,0,0,0,0,0,0,0,0,0.701388889,0,0,0.0625,0,0,0,0,0,0,0,0,0,0,0.135416667,0,0,0,0,0,0,0,0,0,0,0,0,0,0,0,0,0,0,0,0,0,0,0,0,0,0,0,0,0,0,0,0,0,0,0,0,0
patzcuaro04,252,0,0,0,0,0,0.020547945,0,0.030821918,0.01369863,0,0,0,0,0,0.02739726,0,0,0,0,0,0,0,0,0,0,0,0,0,0,0,0,0,0,0,0,0,0,0,0,0,0,0,0.003424658,0,0,0,0,0,0,0,0,0,0,0,0,0,0,0,0,0,0,0,0,0,0,0,0,0,0,0,0,0,0,0,0,0,0,0,0,0,0,0,0,0,0,0,0,0,0,0,0,0,0,0,0,0,0,0.681506849,0,0,0.065068493,0,0,0,0,0,0,0,0,0,0,0.157534247,0,0,0,0,0,0,0,0,0,0,0,0,0,0,0,0,0,0,0,0,0,0,0,0,0,0,0,0,0,0,0,0,0,0,0,0,0
patzcuaro05,367,0,0,0,0,0,0.055374593,0,0.013029316,0.019543974,0,0,0,0,0,0.003257329,0,0,0,0,0,0,0,0,0,0,0,0,0,0,0,0,0,0,0,0,0,0,0,0,0,0,0,0.006514658,0,0,0,0,0,0,0,0,0,0,0,0,0,0,0,0,0,0,0,0,0,0,0,0,0,0,0,0,0,0,0,0,0,0,0,0,0,0,0,0,0,0,0,0,0,0,0,0,0,0,0,0,0,0,0.667752443,0,0,0.078175896,0,0,0,0,0,0,0,0,0,0,0.156351792,0,0,0,0,0,0,0,0,0,0,0,0,0,0,0,0,0,0,0,0,0,0,0,0,0,0,0,0,0,0,0,0,0,0,0,0,0
patzcuaro06,483,0,0,0,0,0,0.065789474,0,0.023026316,0.006578947,0,0,0,0,0.003289474,0.003289474,0,0,0,0,0,0,0,0,0,0,0,0,0,0,0,0,0,0,0,0,0,0,0,0,0,0,0,0.006578947,0,0,0,0,0,0,0,0,0,0,0.006578947,0,0,0,0,0,0,0,0,0,0,0,0,0,0,0,0,0,0,0,0,0,0,0,0,0,0,0,0,0,0,0,0,0,0,0,0,0,0,0,0,0,0,0,0.667763158,0,0,0.078947368,0,0,0,0,0,0,0,0,0,0,0.138157895,0,0,0,0,0,0,0,0,0,0,0,0,0,0,0,0,0,0,0,0,0,0,0,0,0,0,0,0,0,0,0,0,0,0,0,0,0
patzcuaro07,628,0.003236246,0,0,0,0,0.045307443,0,0.01618123,0.009708738,0,0,0,0,0,0,0,0,0,0,0,0,0,0,0,0,0,0,0,0,0,0,0,0,0,0,0,0,0,0,0,0,0,0,0,0,0,0,0,0,0,0,0,0,0,0,0,0,0,0,0,0,0,0,0,0,0,0,0,0,0,0,0,0,0,0,0,0,0,0,0,0,0,0,0,0,0,0,0,0,0,0,0,0,0,0,0,0,0.686084142,0,0,0.097087379,0,0,0,0,0,0,0,0,0,0,0.13592233,0,0,0,0,0,0,0,0,0,0,0,0,0,0,0,0,0,0,0,0,0,0,0,0,0,0.006472492,0,0,0,0,0,0,0,0,0,0,0
patzcuaro08,772,0,0,0,0,0,0.038062284,0,0.003460208,0.003460208,0,0,0,0,0.003460208,0.006920415,0,0,0,0,0,0,0,0,0,0,0,0,0,0,0,0,0,0,0,0,0,0,0,0,0,0,0,0.003460208,0,0,0,0,0,0,0,0,0,0,0,0,0,0,0,0,0,0,0,0,0,0,0,0,0,0,0,0,0,0,0,0,0,0,0,0,0,0,0,0,0,0,0,0,0,0,0,0,0,0,0,0,0,0,0.636678201,0,0,0.173010381,0,0,0,0,0,0,0,0,0,0,0.124567474,0,0,0,0,0,0,0,0,0,0,0,0,0,0,0,0,0,0,0,0,0,0,0,0,0,0.006920415,0,0,0,0,0,0,0,0,0,0,0
patzcuaro09,917,0.006097561,0,0,0,0,0.079268293,0,0.006097561,0.009146341,0,0,0,0,0.006097561,0.009146341,0,0,0,0,0,0,0,0,0,0,0,0,0,0,0,0,0,0,0,0,0,0,0,0,0,0,0,0,0,0,0,0,0,0,0,0,0,0,0,0,0,0,0,0,0,0,0,0,0,0,0,0,0,0,0,0,0,0,0,0,0,0,0,0,0,0,0,0,0,0,0,0,0,0,0,0.00304878,0,0,0,0,0,0,0.698170732,0,0,0.094512195,0,0,0,0,0,0,0,0,0,0,0.085365854,0,0,0,0,0,0,0,0,0,0,0,0,0,0,0,0,0,0,0,0,0,0,0,0,0,0.00304878,0,0,0,0,0,0,0,0,0,0,0
patzcuaro10,1206,0.006410256,0,0,0,0,0.054487179,0,0.038461538,0.006410256,0,0,0,0,0.006410256,0.016025641,0,0,0,0,0,0,0,0,0,0,0,0,0,0,0,0,0,0,0,0,0,0,0,0,0,0,0,0,0,0,0,0,0,0,0,0,0,0,0.003205128,0,0,0,0,0,0,0,0,0,0,0,0,0,0,0,0,0,0,0,0,0,0,0,0,0,0,0,0,0,0,0,0,0,0,0,0,0,0,0,0,0,0,0,0.541666667,0,0,0.092948718,0,0,0,0,0,0,0,0,0,0,0.230769231,0,0,0,0,0,0,0,0,0,0,0,0,0,0,0,0,0,0,0,0,0,0,0,0,0,0.003205128,0,0,0,0,0,0,0,0,0,0,0
patzcuaro11,1350,0.010309278,0,0,0,0,0.024054983,0,0.020618557,0.006872852,0,0,0,0,0.003436426,0,0,0,0,0,0,0,0,0,0,0,0,0,0,0,0,0,0,0,0,0,0,0,0,0,0,0,0,0,0,0,0,0,0,0,0,0,0,0,0,0,0,0,0,0,0,0,0,0,0,0,0,0,0,0,0,0,0,0,0,0,0,0,0,0,0,0,0,0,0,0,0,0,0,0,0,0,0,0,0,0,0,0,0.663230241,0,0,0.075601375,0,0,0,0,0,0,0,0,0,0,0.195876289,0,0,0,0,0,0,0,0,0,0,0,0,0,0,0,0,0,0,0,0,0,0,0,0,0,0,0,0,0,0,0,0,0,0,0,0,0
patzcuaro12,1495,0.003496503,0,0,0,0,0.059440559,0,0.013986014,0.003496503,0,0,0,0,0.003496503,0.006993007,0,0,0,0,0,0,0,0,0,0,0,0,0,0,0,0,0,0,0,0,0,0,0,0,0,0,0,0.003496503,0,0,0,0,0,0,0,0,0,0,0,0,0,0,0,0,0,0,0,0,0,0,0,0,0,0,0,0,0,0,0,0,0,0,0,0,0,0,0,0,0,0,0,0,0,0,0,0,0,0,0,0,0,0,0.629370629,0,0,0.111888112,0,0,0,0,0,0,0,0,0,0,0.160839161,0,0,0,0,0,0,0,0,0,0,0,0,0,0,0,0,0,0,0,0,0,0,0,0,0,0.003496503,0,0,0,0,0,0,0,0,0,0,0
patzcuaro13,1640,0.006622517,0,0,0,0,0.046357616,0,0.016556291,0.016556291,0,0,0,0,0,0.006622517,0,0,0,0,0,0,0,0,0,0,0,0,0,0,0,0,0,0,0,0,0,0,0,0,0,0,0,0.003311258,0,0,0,0,0,0,0,0,0,0,0,0,0,0,0,0,0,0,0,0,0,0,0,0,0,0,0,0,0,0,0,0,0,0,0,0,0,0,0,0,0,0,0,0,0,0,0,0,0,0,0,0,0,0,0.67218543,0,0,0.066225166,0,0,0,0,0,0,0,0,0,0,0.165562914,0,0,0,0,0,0,0,0,0,0,0,0,0,0,0,0,0,0,0,0,0,0,0,0,0,0,0,0,0,0,0,0,0,0,0,0,0
patzcuaro14,1784,0.009009009,0,0,0,0,0.048048048,0,0.042042042,0.003003003,0,0,0,0,0,0.003003003,0,0,0,0,0,0,0,0,0,0,0,0,0,0,0,0,0,0,0,0,0,0,0,0,0,0,0,0,0,0,0,0,0,0,0,0,0,0,0,0,0,0,0,0,0,0,0,0,0,0,0,0,0,0,0,0,0,0,0,0,0,0,0,0,0,0,0,0,0,0,0,0,0,0,0,0,0,0,0,0,0,0,0.711711712,0,0,0.072072072,0,0,0,0,0,0,0,0,0,0,0.102102102,0,0,0,0,0,0,0,0,0,0,0,0,0,0,0,0,0,0,0,0,0,0,0,0,0,0.009009009,0,0,0,0,0,0,0,0,0,0,0
patzcuaro15,1929,0,0,0,0,0,0.04494382,0,0.037453184,0,0,0,0,0,0.007490637,0.003745318,0,0,0,0,0,0,0,0,0,0,0,0,0,0,0,0,0,0,0,0,0,0,0,0,0,0,0,0,0,0,0,0,0,0,0,0,0,0,0,0,0,0,0,0,0,0,0,0,0,0,0,0,0,0,0,0,0,0,0,0,0,0,0,0,0,0,0,0,0,0,0,0,0,0,0,0,0,0,0,0,0,0,0.651685393,0,0,0.104868914,0,0,0,0,0,0,0,0,0,0,0.146067416,0,0,0,0,0,0,0,0,0,0,0,0,0,0,0,0,0,0,0,0,0,0,0,0,0,0.003745318,0,0,0,0,0,0,0,0,0,0,0
patzcuaro16,2073,0.012944984,0,0,0,0,0.042071197,0,0.035598706,0.003236246,0,0,0,0,0,0.003236246,0,0,0,0,0,0,0,0,0,0,0,0,0,0,0,0,0,0,0,0,0,0,0,0,0,0,0,0,0,0,0,0,0,0,0,0,0,0,0,0,0,0,0,0,0,0,0,0,0,0,0,0,0,0,0,0,0,0,0,0,0,0,0,0,0,0,0,0,0,0,0,0,0,0,0,0.003236246,0,0,0,0,0,0,0.760517799,0,0,0.074433657,0,0,0,0,0,0,0,0,0,0,0.064724919,0,0,0,0,0,0,0,0,0,0,0,0,0,0,0,0,0,0,0,0,0,0,0,0,0,0,0,0,0,0,0,0,0,0,0,0,0
patzcuaro17,2218,0.006734007,0,0,0,0,0.077441077,0,0.016835017,0.003367003,0,0,0,0,0.003367003,0.02020202,0,0,0,0,0,0,0,0,0,0,0,0,0,0,0,0,0,0,0,0,0,0,0,0,0,0,0,0,0,0,0,0,0,0,0,0,0,0,0,0,0,0,0,0,0,0,0,0,0,0,0,0,0,0,0,0,0,0,0,0,0,0,0,0,0,0,0,0,0,0,0,0,0,0,0,0,0,0,0,0,0,0,0.636363636,0,0,0.084175084,0,0,0,0,0,0,0,0,0,0,0.151515152,0,0,0,0,0,0,0,0,0,0,0,0,0,0,0,0,0,0,0,0,0,0,0,0,0,0,0,0,0,0,0,0,0,0,0,0,0
patzcuaro18,2651,0.017361111,0,0,0,0,0.027777778,0,0.006944444,0,0,0,0,0,0,0,0,0,0,0,0,0,0,0,0,0,0,0,0,0,0,0,0,0,0,0,0,0,0,0,0,0,0,0,0,0,0,0,0,0,0,0,0,0,0,0,0,0,0,0,0,0,0,0,0,0,0,0,0,0,0,0,0,0,0,0,0,0,0,0,0,0,0,0,0,0,0,0,0,0,0,0,0,0,0,0,0,0,0.798611111,0,0,0.03125,0,0,0,0,0,0,0,0,0,0,0.118055556,0,0,0,0,0,0,0,0,0,0,0,0,0,0,0,0,0,0,0,0,0,0,0,0,0,0,0,0,0,0,0,0,0,0,0,0,0
patzcuaro19,2796,0.0041841,0,0,0,0,0.016736402,0,0.0041841,0,0,0,0,0,0,0.0041841,0,0,0,0,0,0,0,0,0,0,0,0,0,0,0,0,0,0,0,0,0,0,0,0,0,0,0,0,0,0,0,0,0,0,0,0,0,0,0,0,0,0,0,0,0,0,0,0,0,0,0,0,0,0,0,0,0,0,0,0,0,0,0,0,0,0,0,0,0,0,0,0,0,0,0,0,0,0,0,0,0,0,0.853556485,0,0,0.016736402,0,0,0,0,0,0,0,0,0,0,0.10041841,0,0,0,0,0,0,0,0,0,0,0,0,0,0,0,0,0,0,0,0,0,0,0,0,0,0,0,0,0,0,0,0,0,0,0,0,0
patzcuaro20,2935,0.02507837,0,0,0,0,0.009404389,0,0.006269592,0.003134796,0,0,0,0,0,0.009404389,0,0,0,0,0,0,0,0,0,0,0,0,0,0,0,0,0,0,0,0,0,0,0,0,0,0,0,0,0,0,0,0,0,0,0,0,0,0,0,0,0,0,0,0,0,0,0,0,0,0,0,0,0,0,0,0,0,0,0,0,0,0,0,0,0,0,0,0,0,0,0,0,0,0,0,0,0,0,0,0,0,0,0.877742947,0,0,0.02507837,0,0,0,0,0,0,0,0,0,0,0.043887147,0,0,0,0,0,0,0,0,0,0,0,0,0,0,0,0,0,0,0,0,0,0,0,0,0,0,0,0,0,0,0,0,0,0,0,0,0
patzcuaro21,3065,0.003333333,0,0,0,0,0.093333333,0,0.073333333,0.003333333,0,0,0,0,0.006666667,0.003333333,0,0,0,0,0,0,0,0,0,0,0,0,0,0,0,0,0,0,0,0,0,0,0,0,0,0,0,0,0,0,0,0,0,0,0,0,0,0,0.003333333,0,0,0,0,0,0,0,0,0,0,0,0,0,0,0,0,0,0,0,0,0,0,0,0,0,0,0,0,0,0,0,0,0,0,0,0,0,0,0,0,0,0,0,0.583333333,0,0,0.06,0,0,0,0,0,0,0,0,0,0,0.17,0,0,0,0,0,0,0,0,0,0,0,0,0,0,0,0,0,0,0,0,0,0,0,0,0,0,0,0,0,0,0,0,0,0,0,0,0
patzcuaro22,3194,0.003333333,0,0,0,0,0.07,0,0.033333333,0,0,0,0,0,0.003333333,0.01,0,0,0,0,0,0,0,0,0,0,0,0,0,0,0,0,0,0,0,0,0,0,0,0,0,0,0,0,0,0,0,0,0,0,0,0,0,0,0.006666667,0,0,0,0,0,0,0,0,0,0,0,0,0,0,0,0,0,0,0,0,0,0,0,0,0,0,0,0,0,0,0,0,0,0,0,0,0.003333333,0,0,0,0,0,0,0.603333333,0,0,0.106666667,0,0,0,0,0,0,0,0,0,0,0.156666667,0,0,0,0,0,0,0,0,0,0,0,0,0,0,0,0,0,0,0,0,0,0,0,0,0,0.003333333,0,0,0,0,0,0,0,0,0,0,0
patzcuaro23,3323,0.007575758,0,0,0,0,0.060606061,0,0.022727273,0.007575758,0,0,0,0,0,0.007575758,0,0,0,0,0,0,0,0,0,0,0,0,0,0,0,0,0,0,0,0,0,0,0,0,0,0,0,0,0,0,0,0,0,0,0,0,0,0,0,0,0,0,0,0,0,0,0,0,0,0,0,0,0,0,0,0,0,0,0,0,0,0,0,0,0,0,0,0,0,0,0,0,0,0,0,0.003787879,0,0,0,0,0,0,0.640151515,0,0,0.053030303,0,0,0,0,0,0,0,0,0,0,0.196969697,0,0,0,0,0,0,0,0,0,0,0,0,0,0,0,0,0,0,0,0,0,0,0,0,0,0,0,0,0,0,0,0,0,0,0,0,0
patzcuaro24,3452,0.010067114,0,0,0,0,0.046979866,0,0.013422819,0,0,0,0,0,0,0.006711409,0,0,0,0,0,0,0,0,0,0,0,0,0,0,0,0,0,0,0,0,0,0,0,0,0,0,0,0.006711409,0,0,0,0,0,0,0,0,0,0,0,0,0,0,0,0,0,0,0,0,0,0,0,0,0,0,0,0,0,0,0,0,0,0,0,0,0,0,0,0,0,0,0,0,0,0,0,0,0,0,0,0,0,0,0.600671141,0,0,0.100671141,0,0,0,0,0,0,0,0,0,0,0.214765101,0,0,0,0,0,0,0,0,0,0,0,0,0,0,0,0,0,0,0,0,0,0,0,0,0,0,0,0,0,0,0,0,0,0,0,0,0
patzcuaro25,3582,0.01572327,0,0,0,0,0.062893082,0,0.040880503,0,0,0,0,0,0.009433962,0.012578616,0,0,0,0,0,0,0,0,0,0,0,0,0,0,0,0,0,0,0,0,0,0,0,0,0,0,0,0,0,0,0,0,0,0,0,0,0,0,0.003144654,0,0,0,0,0,0,0,0,0,0,0,0,0,0,0,0,0,0,0,0,0,0,0,0,0,0,0,0,0,0,0,0,0,0,0,0,0.003144654,0,0,0,0,0,0,0.528301887,0,0,0.103773585,0,0,0,0,0,0,0,0,0,0,0.213836478,0,0,0,0,0,0,0,0,0,0,0,0,0,0,0,0,0,0,0,0,0,0,0,0,0,0.006289308,0,0,0,0,0,0,0,0,0,0,0
patzcuaro26,3827,0.028571429,0,0,0,0,0.028571429,0,0.022222222,0,0,0,0,0,0.003174603,0.003174603,0,0,0,0,0,0,0,0,0,0,0,0,0,0,0,0,0,0,0,0,0,0,0,0,0,0,0,0,0,0,0,0,0,0,0,0,0,0,0,0,0,0,0,0,0,0,0,0,0,0,0,0,0,0,0,0,0,0,0,0,0,0,0,0,0,0,0,0,0,0,0,0,0,0,0,0,0,0,0,0,0,0,0.777777778,0,0,0.028571429,0,0,0,0,0,0,0,0,0,0,0.107936508,0,0,0,0,0,0,0,0,0,0,0,0,0,0,0,0,0,0,0,0,0,0,0,0,0,0,0,0,0,0,0,0,0,0,0,0,0
patzcuaro27,4506,0.019230769,0,0,0,0,0.025641026,0,0.006410256,0,0,0,0,0,0.003205128,0,0,0,0,0,0,0,0,0,0,0,0,0,0,0,0,0,0,0,0,0,0,0,0,0,0,0,0,0.003205128,0,0,0,0,0,0,0,0,0,0,0,0,0,0,0,0,0,0,0,0,0,0,0,0,0,0,0,0,0,0,0,0,0,0,0,0,0,0,0,0,0,0,0,0,0,0,0,0.003205128,0,0,0,0,0,0,0.810897436,0,0,0.041666667,0,0,0,0,0,0,0,0,0,0,0.086538462,0,0,0,0,0,0,0,0,0,0,0,0,0,0,0,0,0,0,0,0,0,0,0,0,0,0,0,0,0,0,0,0,0,0,0,0,0
patzcuaro28,5185,0.012861736,0,0,0,0,0.07073955,0,0,0,0,0,0,0,0,0.003215434,0,0,0,0,0,0,0,0,0,0,0,0,0,0,0,0,0,0,0,0,0,0,0,0,0,0,0,0,0,0,0,0,0,0,0,0,0,0,0,0,0,0,0,0,0,0,0,0,0,0,0,0,0,0,0,0,0,0,0,0,0,0,0,0,0,0,0,0,0,0,0,0,0,0,0,0.006430868,0,0,0,0,0,0,0.739549839,0,0,0.022508039,0,0,0,0,0,0,0,0,0,0,0.144694534,0,0,0,0,0,0,0,0,0,0,0,0,0,0,0,0,0,0,0,0,0,0,0,0,0,0,0,0,0,0,0,0,0,0,0,0,0
patzcuaro29,5865,0.01,0,0,0,0,0.176666667,0,0,0.003333333,0,0,0,0,0.01,0.003333333,0,0,0,0,0,0,0,0,0,0,0,0,0,0,0,0,0,0,0,0,0,0,0,0,0,0,0,0,0,0,0,0,0,0,0,0,0,0,0,0,0,0,0,0,0,0,0,0,0,0,0,0,0,0,0,0,0,0,0,0,0,0,0,0,0,0,0,0,0,0,0,0,0,0,0,0,0,0,0,0,0,0,0.57,0,0,0.05,0,0,0,0,0,0,0,0,0,0,0.176666667,0,0,0,0,0,0,0,0,0,0,0,0,0,0,0,0,0,0,0,0,0,0,0,0,0,0,0,0,0,0,0,0,0,0,0,0,0
patzcuaro30,6544,0.030405405,0,0,0,0,0.192567568,0,0.006756757,0,0,0,0,0,0,0,0,0,0,0,0,0,0,0,0,0,0,0,0,0,0,0,0,0,0,0,0,0,0,0,0,0,0,0,0,0,0,0,0,0,0,0,0,0,0.006756757,0,0,0,0,0,0,0,0,0,0,0,0,0,0,0,0,0,0,0,0,0,0,0,0,0,0,0,0,0,0,0,0,0,0,0,0,0.006756757,0,0,0,0,0,0,0.506756757,0,0,0.037162162,0,0,0,0,0,0,0,0,0,0,0.212837838,0,0,0,0,0,0,0,0,0,0,0,0,0,0,0,0,0,0,0,0,0,0,0,0,0,0,0,0,0,0,0,0,0,0,0,0,0
patzcuaro31,7223,0.022222222,0,0,0,0,0.136507937,0,0,0.003174603,0,0,0,0,0.006349206,0,0,0,0,0,0,0,0,0,0,0,0,0,0,0,0,0,0,0,0,0,0,0,0,0,0,0,0,0,0,0,0,0,0,0,0,0,0,0,0.003174603,0,0,0,0,0,0,0,0,0,0,0,0,0,0,0,0,0,0,0,0,0,0,0,0,0,0,0,0,0,0,0,0,0,0,0,0,0.006349206,0,0,0,0,0,0,0.619047619,0,0,0.057142857,0,0,0,0,0,0,0,0,0,0,0.146031746,0,0,0,0,0,0,0,0,0,0,0,0,0,0,0,0,0,0,0,0,0,0,0,0,0,0,0,0,0,0,0,0,0,0,0,0,0
patzcuaro32,7902,0.006134969,0,0,0,0,0.190184049,0,0.003067485,0,0,0,0,0,0.006134969,0.003067485,0,0,0,0,0,0,0,0,0,0,0,0,0,0,0,0,0,0,0,0,0,0,0,0,0,0,0,0.003067485,0,0,0,0,0,0,0,0,0,0,0,0,0,0,0,0,0,0,0,0,0,0,0,0,0,0,0,0,0,0,0,0,0,0,0,0,0,0,0,0,0,0,0,0,0,0,0,0.015337423,0,0,0,0,0,0,0.59202454,0,0,0.061349693,0,0,0,0,0,0,0,0,0,0,0.119631902,0,0,0,0,0,0,0,0,0,0,0,0,0,0,0,0,0,0,0,0,0,0,0,0,0,0,0,0,0,0,0,0,0,0,0,0,0
patzcuaro33,8582,0.013245033,0,0,0,0,0.149006623,0,0,0,0,0,0,0,0.01986755,0.003311258,0,0,0,0,0,0,0,0,0,0,0,0,0,0,0,0,0,0,0,0,0,0,0,0,0,0,0,0.006622517,0,0,0,0,0,0,0,0,0,0,0.009933775,0,0,0,0,0,0,0,0,0,0,0,0,0,0,0,0,0,0,0,0,0,0,0,0,0,0,0,0,0,0,0,0,0,0,0,0,0.009933775,0,0,0,0,0,0,0.57615894,0,0,0.07615894,0,0,0,0,0,0,0,0,0,0,0.135761589,0,0,0,0,0,0,0,0,0,0,0,0,0,0,0,0,0,0,0,0,0,0,0,0,0,0,0,0,0,0,0,0,0,0,0,0,0
patzcuaro34,9810,0.013333333,0,0,0,0,0.083333333,0,0,0.006666667,0,0,0,0,0.006666667,0.003333333,0,0,0,0,0,0,0,0,0,0,0,0,0,0,0,0,0,0,0,0,0,0,0,0,0,0,0,0.006666667,0,0,0,0,0,0,0,0,0,0,0.003333333,0,0,0,0,0,0,0,0,0,0,0,0,0,0,0,0,0,0,0,0,0,0,0,0,0,0,0,0,0,0,0,0,0,0,0,0,0,0,0,0,0,0,0,0.666666667,0,0,0.04,0,0,0,0,0,0,0,0,0,0,0.17,0,0,0,0,0,0,0,0,0,0,0,0,0,0,0,0,0,0,0,0,0,0,0,0,0,0,0,0,0,0,0,0,0,0,0,0,0
patzcuaro35,10928,0.021428571,0,0,0,0,0.142857143,0,0.003571429,0.032142857,0,0,0,0,0.010714286,0,0,0,0,0,0,0,0,0,0,0,0,0,0,0,0,0,0,0,0,0,0,0,0,0,0,0,0,0.014285714,0,0,0,0,0,0,0,0,0,0,0,0,0,0,0,0,0,0,0,0,0,0,0,0,0,0,0,0,0,0,0,0,0,0,0,0,0,0,0,0,0,0,0,0,0,0,0,0,0,0,0,0,0,0,0.642857143,0,0,0.017857143,0,0,0,0,0,0,0,0,0,0,0.114285714,0,0,0,0,0,0,0,0,0,0,0,0,0,0,0,0,0,0,0,0,0,0,0,0,0,0,0,0,0,0,0,0,0,0,0,0,0
patzcuaro36,12045,0.007604563,0,0,0,0,0.228136882,0,0,0.011406844,0,0,0,0,0.02661597,0,0,0,0,0,0,0,0,0,0,0,0,0,0,0,0,0,0,0,0,0,0,0,0,0,0,0,0,0.106463878,0,0,0,0,0,0,0,0,0,0,0,0,0,0,0,0,0,0,0,0,0,0,0,0,0,0,0,0,0,0,0,0,0,0,0,0,0,0,0,0,0,0,0,0,0,0,0,0,0,0,0,0,0,0,0.456273764,0,0,0.045627376,0,0,0,0,0,0,0,0,0,0,0.114068441,0,0,0,0,0,0,0,0,0,0,0,0,0,0,0,0,0,0,0,0,0,0,0,0,0,0.003802281,0,0,0,0,0,0,0,0,0,0,0
patzcuaro37,13162,0.003484321,0,0,0,0,0.268292683,0,0.003484321,0.010452962,0,0,0,0,0.045296167,0,0,0,0,0,0,0,0,0,0,0,0,0,0,0,0,0,0,0,0,0,0,0,0,0,0,0,0,0.041811847,0,0,0,0,0,0,0,0,0,0,0,0,0,0,0,0,0,0,0,0,0,0,0,0,0,0,0,0,0,0,0,0,0,0,0,0,0,0,0,0,0,0,0,0,0,0,0,0,0,0,0,0,0,0,0.414634146,0,0,0.052264808,0,0,0,0,0,0,0,0,0,0,0.160278746,0,0,0,0,0,0,0,0,0,0,0,0,0,0,0,0,0,0,0,0,0,0,0,0,0,0,0,0,0,0,0,0,0,0,0,0,0
patzcuaro38,14279,0.006920415,0,0,0,0,0.290657439,0,0,0.006920415,0,0,0,0,0.01384083,0.003460208,0,0,0,0,0,0,0,0,0,0,0,0,0,0,0,0,0,0,0,0,0,0,0,0,0,0,0,0.096885813,0,0,0,0,0,0,0,0,0,0,0,0,0,0,0,0,0,0,0,0,0,0,0,0,0,0,0,0,0,0,0,0,0,0,0,0,0,0,0,0,0,0,0,0,0,0,0,0,0,0,0,0,0,0,0.384083045,0,0,0.103806228,0,0,0,0,0,0,0,0,0,0,0.093425606,0,0,0,0,0,0,0,0,0,0,0,0,0,0,0,0,0,0,0,0,0,0,0,0,0,0,0,0,0,0,0,0,0,0,0,0,0
patzcuaro39,15396,0.006472492,0,0,0,0,0.210355987,0,0.003236246,0.009708738,0,0,0,0,0.01618123,0.003236246,0,0,0,0,0,0,0,0,0,0,0,0,0,0,0,0,0,0,0,0,0,0,0,0,0,0,0,0.142394822,0,0,0,0,0,0,0,0,0,0,0,0,0,0,0,0,0,0,0,0,0,0,0,0,0,0,0,0,0,0,0,0,0,0,0,0,0,0,0,0,0,0,0,0,0,0,0,0,0,0,0,0,0,0,0.404530744,0,0,0.064724919,0,0,0,0,0,0,0,0,0,0,0.132686084,0,0,0,0,0,0,0,0,0,0,0,0,0,0,0,0,0,0,0,0,0,0,0,0,0,0.006472492,0,0,0,0,0,0,0,0,0,0,0
patzcuaro40,16513,0.002770083,0,0,0,0,0.252077562,0,0,0.008310249,0,0,0,0,0.022160665,0.002770083,0,0,0,0,0,0,0,0,0,0,0,0,0,0,0,0,0,0,0,0,0,0,0,0,0,0,0,0.102493075,0,0,0,0,0,0,0,0,0,0,0,0,0,0,0,0,0,0,0,0,0,0,0,0,0,0,0,0,0,0,0,0,0,0,0,0,0,0,0,0,0,0,0,0,0,0,0,0,0,0,0,0,0,0,0.443213296,0,0,0.041551247,0,0,0,0,0,0,0,0,0,0,0.12465374,0,0,0,0,0,0,0,0,0,0,0,0,0,0,0,0,0,0,0,0,0,0,0,0,0,0,0,0,0,0,0,0,0,0,0,0,0
patzcuaro41,17630,0.013986014,0,0,0,0,0.13986014,0,0,0.003496503,0,0,0,0,0.006993007,0.003496503,0,0,0,0,0,0,0,0,0,0,0,0,0,0,0,0,0,0,0,0,0,0,0,0,0,0,0,0.15034965,0,0,0,0,0,0,0,0,0,0,0,0,0,0,0,0,0,0,0,0,0,0,0,0,0,0,0,0,0,0,0,0,0,0,0,0,0,0,0,0,0,0,0,0,0,0,0,0,0,0,0,0,0,0,0.527972028,0,0,0.055944056,0,0,0,0,0,0,0,0,0,0,0.097902098,0,0,0,0,0,0,0,0,0,0,0,0,0,0,0,0,0,0,0,0,0,0,0,0,0,0,0,0,0,0,0,0,0,0,0,0,0
patzcuaro42,19152,0.006430868,0,0,0,0,0.186495177,0,0.003215434,0.006430868,0,0,0,0,0.025723473,0.009646302,0,0,0,0,0,0,0,0,0,0,0,0,0,0,0,0,0,0,0,0,0,0,0,0,0,0,0,0.106109325,0,0,0,0,0,0,0,0,0,0,0.003215434,0,0,0,0,0,0,0,0,0,0,0,0,0,0,0,0,0,0,0,0,0,0,0,0,0,0,0,0,0,0,0,0,0,0,0,0,0,0,0,0,0,0,0,0.517684887,0,0,0.038585209,0,0,0,0,0,0,0,0,0,0,0.096463023,0,0,0,0,0,0,0,0,0,0,0,0,0,0,0,0,0,0,0,0,0,0,0,0,0,0,0,0,0,0,0,0,0,0,0,0,0
patzcuaro43,20701,0.010204082,0,0,0,0,0.210884354,0,0.003401361,0.003401361,0,0,0,0,0.006802721,0.003401361,0,0,0,0,0,0,0,0,0,0,0,0,0,0,0,0,0,0,0,0,0,0,0,0,0,0,0,0.105442177,0,0,0,0,0,0,0,0,0,0,0,0,0,0,0,0,0,0,0,0,0,0,0,0,0,0,0,0,0,0,0,0,0,0,0,0,0,0,0,0,0,0,0,0,0,0,0,0,0,0,0,0,0,0,0.482993197,0,0,0.057823129,0,0,0,0,0,0,0,0,0,0,0.112244898,0,0,0,0,0,0,0,0,0,0,0,0,0,0,0,0,0,0,0,0,0,0,0,0,0,0.003401361,0,0,0,0,0,0,0,0,0,0,0
patzcuaro44,21476,0.003703704,0,0,0,0,0.188888889,0,0.003703704,0,0,0,0,0,0.011111111,0.011111111,0,0,0,0,0,0,0,0,0,0,0,0,0,0,0,0,0,0,0,0,0,0,0,0,0,0,0,0.107407407,0,0,0,0,0,0,0,0,0,0,0,0,0,0,0,0,0,0,0,0,0,0,0,0,0,0,0,0,0,0,0,0,0,0,0,0,0,0,0,0,0,0,0,0,0,0,0,0.003703704,0,0,0,0,0,0,0.488888889,0,0,0.062962963,0,0,0,0,0,0,0,0,0,0,0.111111111,0,0,0,0,0,0,0,0,0,0,0,0,0,0,0,0,0,0,0,0,0,0,0,0,0,0.007407407,0,0,0,0,0,0,0,0,0,0,0
patzcuaro45,23025,0.006920415,0,0,0,0,0.155709343,0,0.003460208,0.003460208,0,0,0,0,0,0,0,0,0,0,0,0,0,0,0,0,0,0,0,0,0,0,0,0,0,0,0,0,0,0,0,0,0,0.141868512,0,0,0,0,0,0,0,0,0,0,0.003460208,0,0,0,0,0,0,0,0,0,0,0,0,0,0,0,0,0,0,0,0,0,0,0,0,0,0,0,0,0,0,0,0,0,0,0,0,0,0,0,0,0,0,0,0.46366782,0,0,0.058823529,0,0,0,0,0,0,0,0,0,0,0.162629758,0,0,0,0,0,0,0,0,0,0,0,0,0,0,0,0,0,0,0,0,0,0,0,0,0,0,0,0,0,0,0,0,0,0,0,0,0
patzcuaro46,23799,0.012383901,0,0,0,0,0.108359133,0,0,0.00619195,0,0,0,0,0.00619195,0.009287926,0,0,0,0,0,0,0,0,0,0,0,0,0,0,0,0,0,0,0,0,0,0,0,0,0,0,0,0.058823529,0,0,0,0,0,0,0,0,0,0,0.003095975,0,0,0,0,0,0,0,0,0,0,0,0,0,0,0,0,0,0,0,0,0,0,0,0,0,0,0,0,0,0,0,0,0,0,0,0,0,0,0,0,0,0,0,0.619195046,0,0,0.037151703,0,0,0,0,0,0,0,0,0,0,0.13622291,0,0,0,0,0,0,0,0,0,0,0,0,0,0,0,0,0,0,0,0,0,0,0,0,0,0.003095975,0,0,0,0,0,0,0,0,0,0,0
patzcuaro47,25348,0.018450185,0,0,0,0,0.084870849,0,0,0.007380074,0,0,0,0,0.003690037,0.003690037,0,0,0,0,0,0,0,0,0,0,0,0,0,0,0,0,0,0,0,0,0,0,0,0,0,0,0,0.099630996,0,0,0,0,0,0,0,0,0,0,0,0,0,0,0,0,0,0,0,0,0,0,0,0,0,0,0,0,0,0,0,0,0,0,0,0,0,0,0,0,0,0,0,0,0,0,0,0,0,0,0,0,0,0,0.605166052,0,0,0.04797048,0,0,0,0,0,0,0,0,0,0,0.129151292,0,0,0,0,0,0,0,0,0,0,0,0,0,0,0,0,0,0,0,0,0,0,0,0,0,0,0,0,0,0,0,0,0,0,0,0,0
patzcuaro48,26138,0.010752688,0,0,0,0,0.096774194,0,0,0.007168459,0,0,0,0,0.010752688,0.003584229,0,0,0,0,0,0,0,0,0,0,0,0,0,0,0,0,0,0,0,0,0,0,0,0,0,0,0,0.093189964,0,0,0,0,0,0,0,0,0,0,0.007168459,0,0,0,0,0,0,0,0,0,0,0,0,0,0,0,0,0,0,0,0,0,0,0,0,0,0,0,0,0,0,0,0,0,0,0,0,0.003584229,0,0,0,0,0,0,0.52688172,0,0,0.086021505,0,0,0,0,0,0,0,0,0,0,0.154121864,0,0,0,0,0,0,0,0,0,0,0,0,0,0,0,0,0,0,0,0,0,0,0,0,0,0,0,0,0,0,0,0,0,0,0,0,0
patzcuaro49,26781,0.006060606,0,0,0,0,0.096969697,0,0.003030303,0.003030303,0,0,0,0,0.009090909,0,0,0,0,0,0,0,0,0,0,0,0,0,0,0,0,0,0,0,0,0,0,0,0,0,0,0,0,0.096969697,0,0,0,0,0,0,0,0,0,0,0,0,0,0,0,0,0,0,0,0,0,0,0,0,0,0,0,0,0,0,0,0,0,0,0,0,0,0,0,0,0,0,0,0,0,0,0,0,0,0,0,0,0,0,0.557575758,0,0,0.039393939,0,0,0,0,0,0,0,0,0,0,0.187878788,0,0,0,0,0,0,0,0,0,0,0,0,0,0,0,0,0,0,0,0,0,0,0,0,0,0,0,0,0,0,0,0,0,0,0,0,0
patzcuaro50,27343,0.003322259,0,0,0,0,0.215946844,0,0.006644518,0,0,0,0,0,0.013289037,0.003322259,0,0,0,0,0,0,0,0,0,0,0,0,0,0,0,0,0,0,0,0,0,0,0,0,0,0,0,0.03986711,0,0,0,0,0,0,0,0,0,0,0.003322259,0,0,0,0,0,0,0,0,0,0,0,0,0,0,0,0,0,0,0,0,0,0,0,0,0,0,0,0,0,0,0,0,0,0,0,0,0,0,0,0,0,0,0,0.451827243,0,0,0.099667774,0,0,0,0,0,0,0,0,0,0,0.162790698,0,0,0,0,0,0,0,0,0,0,0,0,0,0,0,0,0,0,0,0,0,0,0,0,0,0,0,0,0,0,0,0,0,0,0,0,0
patzcuaro51,27745,0,0,0,0,0,0.167785235,0,0,0.003355705,0,0,0,0,0.020134228,0.003355705,0,0,0,0,0,0,0,0,0,0,0,0,0,0,0,0,0,0,0,0,0,0,0,0,0,0,0,0.05033557,0,0,0,0,0,0,0,0,0,0,0.003355705,0,0,0,0,0,0,0,0,0,0,0,0,0,0,0,0,0,0,0,0,0,0,0,0,0,0,0,0,0,0,0,0,0,0,0,0,0,0,0,0,0,0,0,0.55033557,0,0,0.077181208,0,0,0,0,0,0,0,0,0,0,0.120805369,0,0,0,0,0,0,0,0,0,0,0,0,0,0,0,0,0,0,0,0,0,0,0,0,0,0.003355705,0,0,0,0,0,0,0,0,0,0,0
patzcuaro52,28066,0,0,0,0,0,0.080128205,0,0.006410256,0.006410256,0,0,0,0,0.022435897,0,0,0,0,0,0,0,0,0,0,0,0,0,0,0,0,0,0,0,0,0,0,0,0,0,0,0,0,0.038461538,0,0,0,0,0,0,0,0,0,0,0,0,0,0,0,0,0,0,0,0,0,0,0,0,0,0,0,0,0,0,0,0,0,0,0,0,0,0,0,0,0,0,0,0,0,0,0,0,0,0,0,0,0,0,0.647435897,0,0,0.070512821,0,0,0,0,0,0,0,0,0,0,0.125,0,0,0,0,0,0,0,0,0,0,0,0,0,0,0,0,0,0,0,0,0,0,0,0,0,0.003205128,0,0,0,0,0,0,0,0,0,0,0
patzcuaro53,28709,0.003257329,0,0,0,0,0.136807818,0,0.006514658,0.006514658,0,0,0,0,0.009771987,0.003257329,0,0,0,0,0,0,0,0,0,0,0,0,0,0,0,0,0,0,0,0,0,0,0,0,0,0,0,0.084690554,0,0,0,0,0,0,0,0,0,0,0,0,0,0,0,0,0,0,0,0,0,0,0,0,0,0,0,0,0,0,0,0,0,0,0,0,0,0,0,0,0,0,0,0,0,0,0,0,0,0,0,0,0,0,0.553745928,0,0,0.045602606,0,0,0,0,0,0,0,0,0,0,0.149837134,0,0,0,0,0,0,0,0,0,0,0,0,0,0,0,0,0,0,0,0,0,0,0,0,0,0,0,0,0,0,0,0,0,0,0,0,0
patzcuaro54,29351,0.01010101,0,0,0,0,0.107744108,0,0.006734007,0,0,0,0,0,0.006734007,0.003367003,0,0,0,0,0,0,0,0,0,0,0,0,0,0,0,0,0,0,0,0,0,0,0,0,0,0,0,0.033670034,0,0,0,0,0,0,0,0,0,0,0.006734007,0,0,0,0,0,0,0,0,0,0,0,0,0,0,0,0,0,0,0,0,0,0,0,0,0,0,0,0,0,0,0,0,0,0,0,0,0,0,0,0,0,0,0,0.643097643,0,0,0.053872054,0,0,0,0,0,0,0,0,0,0,0.127946128,0,0,0,0,0,0,0,0,0,0,0,0,0,0,0,0,0,0,0,0,0,0,0,0,0,0,0,0,0,0,0,0,0,0,0,0,0
patzcuaro55,29994,0,0,0,0,0,0.195945946,0,0.006756757,0.006756757,0,0,0,0,0.010135135,0.003378378,0,0,0,0,0,0,0,0,0,0,0,0,0,0,0,0,0,0,0,0,0,0,0,0,0,0,0,0.067567568,0,0,0,0,0,0,0,0,0,0,0,0,0,0,0,0,0,0,0,0,0,0,0,0,0,0,0,0,0,0,0,0,0,0,0,0,0,0,0,0,0,0,0,0,0,0,0,0,0,0,0,0,0,0,0.581081081,0,0,0.047297297,0,0,0,0,0,0,0,0,0,0,0.081081081,0,0,0,0,0,0,0,0,0,0,0,0,0,0,0,0,0,0,0,0,0,0,0,0,0,0,0,0,0,0,0,0,0,0,0,0,0
patzcuaro56,30956,0.00660066,0,0,0,0,0.075907591,0,0,0.00330033,0,0,0,0,0.00330033,0.00330033,0,0,0,0,0,0,0,0,0,0,0,0,0,0,0,0,0,0,0,0,0,0,0,0,0,0,0,0.085808581,0,0,0,0,0,0,0,0,0,0,0.00990099,0,0,0,0,0,0,0,0,0,0,0,0,0,0,0,0,0,0,0,0,0,0,0,0,0,0,0,0,0,0,0,0,0,0,0,0,0,0,0,0,0,0,0,0.557755776,0,0,0.085808581,0,0,0,0,0,0,0,0,0,0,0.165016502,0,0,0,0,0,0,0,0,0,0,0,0,0,0,0,0,0,0,0,0,0,0,0,0,0,0.00330033,0,0,0,0,0,0,0,0,0,0,0
patzcuaro57,33102,0.006493506,0,0,0,0,0.155844156,0,0.006493506,0.012987013,0,0,0,0,0.00974026,0.00974026,0,0,0,0,0,0,0,0,0,0,0,0,0,0,0,0,0,0,0,0,0,0,0,0,0,0,0,0.097402597,0,0,0,0,0,0,0,0,0,0,0.00974026,0,0,0,0,0,0,0,0,0,0,0,0,0,0,0,0,0,0,0,0,0,0,0,0,0,0,0,0,0,0,0,0,0,0,0,0,0,0,0,0,0,0,0,0.474025974,0,0,0.032467532,0,0,0,0,0,0,0,0,0,0,0.185064935,0,0,0,0,0,0,0,0,0,0,0,0,0,0,0,0,0,0,0,0,0,0,0,0,0,0,0,0,0,0,0,0,0,0,0,0,0
patzcuaro58,35248,0.008982036,0,0,0,0,0.260479042,0,0,0.002994012,0,0,0,0,0.008982036,0.002994012,0,0,0,0,0,0,0,0,0,0,0,0,0,0,0,0,0,0,0,0,0,0,0,0,0,0,0,0.071856287,0,0,0,0,0,0,0,0,0,0,0.002994012,0,0,0,0,0,0,0,0,0,0,0,0,0,0,0,0,0,0,0,0,0,0,0,0,0,0,0,0,0,0,0,0,0,0,0,0,0.005988024,0,0,0,0,0,0,0.422155689,0,0,0.080838323,0,0,0,0,0,0,0,0,0,0,0.128742515,0,0,0,0,0,0,0,0,0,0,0,0,0,0,0,0,0,0,0,0,0,0,0,0,0,0.002994012,0,0,0,0,0,0,0,0,0,0,0
patzcuaro59,36321,0.02690583,0,0,0,0,0.215246637,0,0.004484305,0.004484305,0,0,0,0,0.004484305,0.01793722,0,0,0,0,0,0,0,0,0,0,0,0,0,0,0,0,0,0,0,0,0,0,0,0,0,0,0,0.044843049,0,0,0,0,0,0,0,0,0,0,0.00896861,0,0,0,0,0,0,0,0,0,0,0,0,0,0,0,0,0,0,0,0,0,0,0,0,0,0,0,0,0,0,0,0,0,0,0,0,0.004484305,0,0,0,0,0,0,0.340807175,0,0,0.071748879,0,0,0,0,0,0,0,0,0,0,0.255605381,0,0,0,0,0,0,0,0,0,0,0,0,0,0,0,0,0,0,0,0,0,0,0,0,0,0,0,0,0,0,0,0,0,0,0,0,0
patzcuaro60,37930,0.00921659,0,0,0,0,0.221198157,0,0,0.023041475,0,0,0,0,0.02764977,0,0,0,0,0,0,0,0,0,0,0,0,0,0,0,0,0,0,0,0,0,0,0,0,0,0,0,0,0.124423963,0,0,0,0,0,0,0,0,0,0,0.004608295,0,0,0,0,0,0,0,0,0,0,0,0,0,0,0,0,0,0,0,0,0,0,0,0,0,0,0,0,0,0,0,0,0,0,0,0,0.004608295,0,0,0,0,0,0,0.258064516,0,0,0.069124424,0,0,0,0,0,0,0,0,0,0,0.258064516,0,0,0,0,0,0,0,0,0,0,0,0,0,0,0,0,0,0,0,0,0,0,0,0,0,0,0,0,0,0,0,0,0,0,0,0,0
patzcuaro61,39540,0.003597122,0,0,0,0,0.14028777,0,0,0.017985612,0,0,0,0,0.025179856,0.017985612,0,0,0,0,0,0,0,0,0,0,0,0,0,0,0,0,0,0,0,0,0,0,0,0,0,0,0,0.064748201,0,0,0,0,0,0,0,0,0,0,0,0,0,0,0,0,0,0,0,0,0,0,0,0,0,0,0,0,0,0,0,0,0,0,0,0,0,0,0,0,0,0,0,0,0,0,0,0,0,0,0,0,0,0,0.395683453,0,0,0.032374101,0,0,0,0,0,0,0,0,0,0,0.291366906,0,0,0,0,0,0,0,0,0,0,0,0,0,0,0,0,0,0,0,0,0,0,0,0,0,0.010791367,0,0,0,0,0,0,0,0,0,0,0
patzcuaro62,41686,0.003333333,0,0,0,0,0.093333333,0,0,0.006666667,0,0,0,0,0.006666667,0.003333333,0,0,0,0,0,0,0,0,0,0,0,0,0,0,0,0,0,0,0,0,0,0,0,0,0,0,0,0.09,0,0,0,0,0,0,0,0,0,0,0,0,0,0,0,0,0,0,0,0,0,0,0,0,0,0,0,0,0,0,0,0,0,0,0,0,0,0,0,0,0,0,0,0,0,0,0,0,0,0,0,0,0,0,0.55,0,0,0.056666667,0,0,0,0,0,0,0,0,0,0,0.19,0,0,0,0,0,0,0,0,0,0,0,0,0,0,0,0,0,0,0,0,0,0,0,0,0,0,0,0,0,0,0,0,0,0,0,0,0
patzcuaro63,42759,0.017467249,0,0,0,0,0.240174672,0,0,0.008733624,0,0,0,0,0.017467249,0.008733624,0,0,0,0,0,0,0,0,0,0,0,0,0,0,0,0,0,0,0,0,0,0,0,0,0,0,0,0.056768559,0,0,0,0,0,0,0,0,0,0,0.008733624,0,0,0,0,0,0,0,0,0,0,0,0,0,0,0,0,0,0,0,0,0,0,0,0,0,0,0,0,0,0,0,0,0,0,0,0,0.004366812,0,0,0,0,0,0,0.27510917,0,0,0.074235808,0,0,0,0,0,0,0,0,0,0,0.288209607,0,0,0,0,0,0,0,0,0,0,0,0,0,0,0,0,0,0,0,0,0,0,0,0,0,0,0,0,0,0,0,0,0,0,0,0,0
patzcuaro64,44100,0,0,0,0,0,0.101045296,0,0.006968641,0.017421603,0,0,0,0,0.006968641,0.003484321,0,0,0,0,0,0,0,0,0,0,0,0,0,0,0,0,0,0,0,0,0,0,0,0,0,0,0,0.090592334,0,0,0,0,0,0,0,0,0,0,0,0,0,0,0,0,0,0,0,0,0,0,0,0,0,0,0,0,0,0,0,0,0,0,0,0,0,0,0,0,0,0,0,0,0,0,0,0,0,0,0,0,0,0,0.43902439,0,0,0.076655052,0,0,0,0,0,0,0,0,0,0,0.257839721,0,0,0,0,0,0,0,0,0,0,0,0,0,0,0,0,0,0,0,0,0,0,0,0,0,0,0,0,0,0,0,0,0,0,0,0,0
