"","YrBP","Abies","Acer","Amaranthaceae","Ambrosia","Artemisia","Asteraceae","Betula","Caryophyllaceae","Cupressaceae","Ephedra","Eriogonum","Picea","Pinus","Poaceae","Polemoniaceae","Polygonaceae","Pseudotsuga","Quercus","Rosaceae","Salix","Sarcobatus.vermiculatus","Thalictrum"
"bear1",0,0.00982622483403596,0.0012471140036433,0.0649528136351051,0.0299601358688618,0.429053437237691,0.0308177057445381,0.0020888056111065,0,0.0374323562390541,0.00267450078216048,0.000407896198056761,0.00949533749666929,0.230142831865249,0.102540592656805,0.000215615646490792,0.000196720493516217,0.00415108286731088,0.0170936718217372,0.00868902260712558,0.00145212896244621,0.0169972918273242,0.000564713257179669
"bear2",1000,0.00927384789792138,0.00123332084656275,0.0670988365456869,0.0302468049097549,0.429187621618848,0.0314943498679485,0.00208376629499591,0,0.0388427143336532,0.00267807029101358,0.000499217617708371,0.009125046999434,0.223988495816836,0.103199804504289,0.000233653880247129,0.000146326289598062,0.00410226738315325,0.0187260851487015,0.00929332665479644,0.00142669125988707,0.0163897874565181,0.000729964035732826
"bear3",2000,0.00899365667286049,0.00126948217788466,0.0686358954927178,0.0303097153691559,0.432743631190547,0.0310996285050916,0.00210698136696595,0,0.0411603596350046,0.0028681083657851,0.000635465245018237,0.00878957979118734,0.215808191765468,0.102190793566354,0.000216071855227753,0.000104506539299364,0.00428257180679956,0.020054541993888,0.00989682426353708,0.00142773329942554,0.0165328467608011,0.000873413987766064
"bear4",3000,0.00855453401390365,0.00134572188700504,0.0701922386475219,0.0298997724464213,0.441510106467413,0.0305255681230979,0.00192823115096372,0,0.0437498438268857,0.0031235247838038,0.00073922952687636,0.00808522003185997,0.205380094857435,0.0988815777038898,0.000215762768306847,7.29918542631149e-05,0.00431242112588608,0.021496784582659,0.0103717097258829,0.00144933923196556,0.0171463890234921,0.00101893792766604
"bear5",4000,0.00813996613767401,0.00138869818248446,0.0724248692589099,0.0303064398997046,0.449109843457267,0.0294877475599987,0.00165190098363877,0,0.0467139773019318,0.00337950203186358,0.000794654705983599,0.00733474381072849,0.19539676742441,0.0951218141920075,0.000227977267022556,4.33301553167299e-05,0.00435458090699201,0.022669659391496,0.0106095667694917,0.0015139635761364,0.0182207537383574,0.00110924301596816
"bear6",5000,0.00756920834883093,0.00133296969618611,0.0749581257533488,0.0312051361222962,0.4595627943992,0.0277663471839734,0.00134449498611961,0,0.0493961556514957,0.00363095179902007,0.00090151952635971,0.0066151582228011,0.184157528109264,0.0897806838246131,0.000192624157370001,1.0243749397628e-05,0.00457829814090291,0.0233749002665878,0.0107225340404362,0.00165426694450137,0.0201371125161533,0.00110894646751705
"bear7",6000,0.00704047944300825,0.00127616536346714,0.0787404756791601,0.032124325507163,0.474723432141103,0.0249218202231914,0.00102820927191925,0,0.0509314788631428,0.00383428470222908,0.00102749550519656,0.00589195968938629,0.172828448517479,0.0817178048591323,0.000137207393664944,0,0.00494107065077815,0.0229545282225077,0.0102620066641372,0.00180000226770621,0.022847851874436,0.000970953195055218
"bear8",7000,0.00613442811676904,0.00114952718876043,0.0842816162879354,0.0338243819112567,0.490859182148681,0.0223787967697552,0.000657663687819383,0,0.0505356105617604,0.0035445689560238,0.00100925037415624,0.00497087508765349,0.162583216197144,0.0742659061366935,0.00010408355929414,0,0.00486855031874252,0.0221972767931099,0.00929826883684883,0.00189452758961068,0.0246553808916133,0.000786888735319155
"bear9",8000,0.00550730930583513,0.000917037764144982,0.0896589756099847,0.0371862476448068,0.500344055372288,0.0199558543969419,0.000486761435218598,0,0.0476130445851952,0.00299643408009164,0.000990279389173405,0.00454231404590721,0.15964615108798,0.0686452285288844,5.93741612885893e-05,0,0.00496948886365323,0.0206801500383767,0.008101995351636,0.00198506243858705,0.0251648633455899,0.000549372754562595
"bear10",9000,0.00513200384680972,0.000613348420346797,0.0936084627070929,0.0397870441093303,0.504690990865403,0.0182389358384674,0.000540534579040538,0,0.0412475353919453,0.00247198068697942,0.00108904115131022,0.00498654035182333,0.165444685037057,0.0638391046717071,1.53187413839357e-05,4.38466335189239e-05,0.00494348624144789,0.0192094436661371,0.00705909148420349,0.00226822380878752,0.0244645516432195,0.000305830403774677
"bear11",10000,0.00504120118639461,0.00042345010495442,0.0933998138588568,0.0411411964737275,0.501485756069916,0.0177773475810693,0.000645366910165027,0,0.0340736900078693,0.00188413717601082,0.00123652792294722,0.00592633950922278,0.181661676720791,0.0610922358248651,7.45800193740522e-05,0.000110990882294938,0.00465632330716383,0.017818651567872,0.00623764251425046,0.00267122657804293,0.0224345804467948,0.000207265665281758
"bear12",11000,0.00531957109170237,0.000247986764720405,0.0880985720842807,0.0406317785891003,0.491152163980324,0.0192691779444063,0.00104471561129326,0,0.0265213671528002,0.00140883834237366,0.0012195547945728,0.00799858320277873,0.208133943612712,0.0589801720370993,0.00014954444402453,0.00018995787861114,0.00413534722142172,0.0163930017785182,0.00590893355323329,0.00335574449619831,0.0195767895113467,0.000264256349351699
"bear13",12000,0.00595313292932871,0.000100890285115285,0.0792476982658347,0.0378166538044612,0.471070106483454,0.0220436062550511,0.002171330695207,0,0.0192769695704533,0.00129260625852072,0.00139939522056205,0.0112182483098475,0.243120598344201,0.0583444724245459,0.000295875851569253,0.000278075368467336,0.00375135773736878,0.0145165125797704,0.00603142699245806,0.00447195640049365,0.0172433285368229,0.000355758287386506
"bear14",13000,0.00660777037327831,5.20300015877024e-06,0.0686952855896966,0.0315172036048783,0.448224328919209,0.028297483496454,0.00359167877059297,0,0.013745454556475,0.00126595790841551,0.00190512693310065,0.0149729250080561,0.276904897385677,0.0588394464567644,0.000648795742482079,0.000455162913353034,0.00304533889271154,0.0131253268184631,0.00631046485756065,0.00575803591238827,0.0154433342804254,0.000640779329242041
"bear15",14000,0.00705755307208223,0,0.0572990283399101,0.0255319065626788,0.430658316373937,0.0374683879710477,0.00504523900670023,0,0.0110441329489235,0.00106461071482933,0.00260246599595275,0.0181177789618245,0.301357272065967,0.0584086749593707,0.00111887654846178,0.000622003715706668,0.00239898913763045,0.0120426607465746,0.0066540155923664,0.0068266628967704,0.0134872916076001,0.00119413358698808
"bear16",15000,0.00739724288087872,0,0.048052484117762,0.0201647341272899,0.418159324213704,0.0487896926144833,0.0069609422789341,0,0.0102583986105841,0.00103552658359046,0.00333261445542936,0.02132050703362,0.311820440281076,0.05893436633366,0.00156680217129251,0.000786133809112183,0.00179266349049155,0.0116419204582142,0.00717240419461591,0.007611667315533,0.0113578709056044,0.00184426490217217
"bear17",16000,0.00728222505154,0,0.0429411621754215,0.0164772782731245,0.410393377510822,0.0610728277009451,0.0085298821638336,0,0.011605986813101,0.000929844923141337,0.00458890471451881,0.0231768898639458,0.307600728000524,0.0613764103351703,0.00218452393968458,0.00101591816577966,0.00141469236648751,0.011887992187764,0.00721796275128663,0.0080425841755787,0.00985840440423765,0.0024024051831471
"bear18",17000,0.0070122304110997,0,0.0402395051686785,0.013755382378612,0.40682166310189,0.0804700666794194,0.0084704712680567,0,0.0142297595841681,0.000891956957845908,0.00657998779656261,0.0247513644734055,0.292363764028292,0.0611118512122307,0.00283914544231239,0.00134708379557712,0.00107354929058583,0.0126697004083525,0.0066359668289895,0.00769534693284587,0.00789519159399707,0.0031460132332586
"bear19",18000,0.00656809462199691,0,0.0391463485116328,0.0132436867186577,0.408457233586743,0.100289030161232,0.0078189563272165,0,0.0165014032411528,0.000933416301423005,0.00908420801022347,0.0268201867006122,0.271496739308266,0.0588856921930168,0.00306435489218085,0.00173194178421797,0.00106095251468975,0.0128771401929482,0.00588835826271563,0.00674636217327215,0.00572758950876414,0.00365830545650237
"bear20",19000,0.0055332071525197,0,0.0424898164405066,0.0117980549083905,0.414380006961436,0.117845663593383,0.00624980872641106,0,0.017957606598584,0.00125092810819491,0.0121603722857344,0.029280791787395,0.246262781843902,0.0578825256005995,0.00316385777240085,0.00274586840631198,0.00138358208247575,0.0114254652336685,0.00487130263694299,0.00520754299183588,0.00481392803569142,0.00329688919549706
"bear21",20000,0.00415679698095062,0,0.0481857592680734,0.0106708919769555,0.419164928959771,0.127531065666604,0.00294403179058085,0,0.0196250296509582,0.00194372941607871,0.0151160642240895,0.0293031348903366,0.228662748384643,0.0591774165562847,0.00367817603503199,0.00488928764910224,0.00171318326189547,0.0084002161296297,0.00313033931445655,0.00383734251754844,0.00566169608779237,0.00220816144325828
"bear22",21000,0.00443141803937547,0,0.0515499349659708,0.0111391054474715,0.418432666159431,0.126603484795331,0.000442233910257912,0,0.0208903422335671,0.00247482492381879,0.0170890877411608,0.0281357302273817,0.226362709880807,0.0605336092760665,0.00451535858163202,0.00631821428746867,0.00179393803941913,0.00565528739890922,0.00236429876990657,0.00347435271284732,0.00662296190117222,0.00117044076118819
"bear23",22000,0.00564339451459843,0,0.050574750158306,0.0126782255780106,0.412923549627086,0.115391422899631,0,3.61392990614947e-05,0.0213796695535634,0.00246439596867124,0.0179071413826371,0.0261046623112958,0.234388898596782,0.0666791963555693,0.00574346732789832,0.00754619013179684,0.00192430227584886,0.00416423907344545,0.00263656506204095,0.00412221572800294,0.00734952365754782,0.000342050347831474
"bear24",23000,0.00681348782012462,7.70172398002799e-05,0.0506720847924759,0.0146150051650832,0.405063665115505,0.108663043095136,0,0.000210708669972901,0.0222982716929494,0.0024330676467981,0.017358966383353,0.0222223240856904,0.238015475924527,0.0757624423452288,0.00690009749190747,0.00827624465325267,0.00163807385451204,0.00361100001122021,0.00308920447963016,0.00486990546575865,0.00740991381521303,0
"bear25",24000,0.00815081836569492,0.000213820703731941,0.0499170451168693,0.0163428465518899,0.394300095652346,0.106610181223574,1.17390438685449e-05,0.000484223420555792,0.0247080582434159,0.00259561218550567,0.0164974969039936,0.0184906443066969,0.239555879914175,0.0853213563107585,0.00784146757569272,0.00826464622506794,0.00110990032140153,0.00373279637856876,0.00326951715801927,0.00534647409914384,0.00710319712518731,0.000132182869629787
"bear26",25000,0.00991214384987961,0.000343080132578176,0.05069935698092,0.0166865011919661,0.378437458406316,0.109476774574297,0.000163067454710107,0.000927688933275522,0.0267902406825432,0.00257689046119381,0.016577638007363,0.016386911656612,0.242885611871027,0.0914790131100549,0.00828955598191778,0.00769508493145861,0.000754520792537039,0.00383714270182945,0.0036616649904286,0.00537080074869347,0.00675720403975723,0.000291648197174204
"bear27",26000,0.0106929693037232,0.000485689560803103,0.0523511204952223,0.0163923218859123,0.368025873500471,0.112177531001947,0.000316913604015771,0.0014032525299027,0.0275810749538062,0.00266880259683304,0.015807400971565,0.0149310831014962,0.244085863186942,0.0972087076992666,0.0080791730539172,0.00751445119370461,0.000455737936758037,0.00376353239111373,0.00388306131808185,0.00494958014514795,0.00676550835095461,0.00046035091880627
"bear28",27000,0.0103144891305797,0.000605884634562908,0.0546052716045637,0.0160696775664644,0.3660894509301,0.115573442045688,0.00045452824903022,0.00176276995816656,0.0278748616478969,0.00285597324773308,0.0142031497037317,0.0146250903981656,0.24137439405004,0.099631730453323,0.00743970792925441,0.00727036039224158,0.000147351709768999,0.00349134645056979,0.00392323967677844,0.00400720048146563,0.00707315672246997,0.000606922742469989
"bear29",28000,0.00951685919490717,0.000628077064577195,0.0550249151471299,0.0160314994119377,0.364300842074465,0.117592557701188,0.000612708864034906,0.00195985367443747,0.0285709500445759,0.00304665185252915,0.013058416217328,0.0157649677417904,0.241708812596754,0.0999393135132929,0.00708416576486669,0.00672942824855609,0,0.00319957467465486,0.00382186351169338,0.00314387248758132,0.00748312404341392,0.000781545911259117
"bear30",29000,0.00829820188421551,0.000514192013130394,0.0547994610752201,0.016230794693328,0.370727666902352,0.11825160039288,0.000777869765798726,0.00216288941319148,0.0278995985499635,0.00327118504698247,0.0120531196950264,0.0184771307144279,0.239027438609636,0.0978399654371513,0.00620827572014009,0.00616165096643065,0,0.0029430893642122,0.00371273195872761,0.00222497029721884,0.00768679765843055,0.000731369641018972
"bear31",30000,0.00634671996378499,0.000385684161368366,0.0514088883474009,0.0179119999893607,0.390483044557417,0.112391371709415,0.000647908574658808,0.0020228484326399,0.0252297424639837,0.00351622183124711,0.00977545211823468,0.0212627103102702,0.233069575005847,0.0978676272064689,0.0055834409734072,0.00558383640342221,0,0.0027829587371123,0.0036973394325084,0.00173518473453493,0.00770005566910804,0.000597389295839628
"bear32",31000,0.00470207175192329,0.000222356464657556,0.0485096903390717,0.0190004867493512,0.413648540425412,0.106759387199443,0.000458854462857813,0.00169645894641484,0.0220429119282969,0.00360085846343331,0.00770147322677614,0.0235868103539355,0.223813719067286,0.0980528174661643,0.00514463020298416,0.00504594918566777,0,0.00270046900575924,0.00365897395834067,0.0014675371166914,0.00763991035332855,0.000546093233781945
"bear33",32000,0.00386198088958926,7.36675486701059e-05,0.0490205582777479,0.0176828806904052,0.432638996059455,0.105589695226397,0.00028443627624723,0.00140973961376833,0.0182296368836917,0.00371299027474239,0.00659067460689571,0.0250101719051132,0.211778644829365,0.0995270474789242,0.00513786574297867,0.00472571956495517,0,0.00248955511692052,0.00320063446755837,0.0014795615232928,0.00691936021375317,0.00063618271394837
"bear34",33000,0.00370127651703753,0,0.0498534147830161,0.0152766758748942,0.450319262774385,0.105466900571578,0.000126668218785243,0.00124291280574105,0.0153587660920006,0.00381640468464005,0.00558086988077365,0.0259633448128722,0.2010686345344,0.0985762239659915,0.0049759446016057,0.00468261170250254,0,0.00289697313489668,0.00277914377485636,0.00145467903346355,0.00606941419611817,0.000789877914609036
"bear35",34000,0.00377765525506362,0,0.0504608587121633,0.0122660728514281,0.462258701529846,0.105995431250734,0,0.00083298974381359,0.0137065494544891,0.00358754678712154,0.00512683257977042,0.0258736798133775,0.194641384809219,0.0967875358095884,0.0050309853685132,0.00479860715853766,0,0.00329547720912102,0.00286615946523278,0.00151321144708278,0.00607809391270421,0.00110222668888133
"bear36",35000,0.00405053878018267,0,0.0515480872216922,0.0112024248538227,0.474827979730561,0.104359196619186,0,0.000619034723096392,0.0136244434018986,0.00321562031251857,0.00514705297495606,0.0242314313773847,0.187765798276017,0.093380288013157,0.00511928039819459,0.00498933342643795,0,0.00368708296346231,0.00284233592015023,0.00152738371231029,0.00654054431497442,0.00132214280962047
"bear37",36000,0.00436722864176432,0,0.0509663271631989,0.0115153419693926,0.487568359970071,0.100553021607058,0,0.000513423168168635,0.0141685954081982,0.0029504529275042,0.00541190892283733,0.0228898698403586,0.182684455826849,0.0893249191471717,0.0053936312725629,0.00478515866237996,0,0.00414725731530097,0.00285060689079143,0.00171348045151408,0.00676529615232549,0.00143066465490582
"bear38",37000,0.00421461382521666,0,0.0468027339962866,0.0130946218238756,0.50829495675252,0.0913801563458461,0,0.000437710992601597,0.0150691677314354,0.00269248180479603,0.00540920618827393,0.0222639467218252,0.177097407695851,0.0849233889714509,0.00488538740487737,0.00398486507591189,0,0.00468706936008866,0.00325026503420134,0.00201956994532679,0.00793818561477903,0.00155426481656046
"bear39",38000,0.00399182741753977,0,0.045368563914128,0.0170947623362484,0.526129764252453,0.0798271522609103,0,0.000444665087220109,0.0152037664624441,0.00229764382787132,0.00555182757628208,0.0222850512736051,0.169027777528992,0.0838593342651002,0.00428196291832193,0.00329877281421104,4.72471350961003e-05,0.00446297577197842,0.00355916621574143,0.00234296978652877,0.00941747672268201,0.00150729255890357
"bear40",39000,0.00368477935547548,0,0.0488236464698323,0.0223130219796098,0.543492065582891,0.0661839768624182,0,0.000637665284664455,0.0147568134830535,0.00197352277366405,0.00547288610994624,0.0221960453387597,0.158830036547896,0.0830682994113344,0.00385306121288345,0.00267952777697929,0.00013504835468901,0.00402868032541999,0.00326223107984656,0.00265486868081891,0.01063524297368,0.00131858053686009
"bear41",40000,0.00340320237677716,0,0.055786180702359,0.0255936897130605,0.551632386510941,0.0544058313909546,0,0.000794251061189092,0.0141166114525908,0.001772476049839,0.00548951712937354,0.0240695426852497,0.150824901378673,0.0837824530209095,0.00327897264630943,0.0021124674051693,0.000308356560127342,0.00349313369909199,0.00286852687579052,0.00297023617687223,0.0120396321681735,0.00125763104917384
"bear42",41000,0.00316739651281788,0,0.0636979180197364,0.0267789018003634,0.557252949604656,0.0450407552764663,0.000108203609523476,0.000851772638270639,0.0129659294036082,0.00153941905197709,0.00518974722511438,0.0261514098393181,0.143909141560968,0.0853931122979531,0.00252974070072808,0.00186793234097073,0.00053934688446061,0.0029020488200833,0.00239886687078873,0.00300902241076678,0.0135215873012203,0.00118479767385745
"bear43",42000,0.00322999558509113,0,0.0715684525418546,0.0282978692259461,0.555836659436145,0.0400219666006438,0.000328758078758008,0.000880254954436928,0.0122682585732225,0.00135925240980765,0.0047411165428251,0.0275282902728968,0.139727177303893,0.0876051701517225,0.00218217156554147,0.00198084055090217,0.000807161120949032,0.00244662760572769,0.00180495946692977,0.00264215773811586,0.0138269056231843,0.000915954517017038
"bear44",43000,0.00333023254043719,0,0.0754242256623309,0.0274225073868722,0.563709801479479,0.0365718205834374,0.000539407626913374,0.00078856658565682,0.0114889587851863,0.00121008937692855,0.00415252417676169,0.0272840630789846,0.134554838402153,0.087810899223806,0.00176330037828757,0.00191175382797642,0.00102511890719642,0.00238677180439858,0.00127088737594775,0.00225204007022546,0.0142916297069722,0.000810563062906248
"bear45",44000,0.0040916544385315,0,0.072835585411365,0.026286951859227,0.572592401155496,0.0342818056341477,0.00078775053305523,0.000669085280880305,0.0112812802453858,0.0011913553918967,0.00358481010253846,0.0280464332325884,0.131006971397805,0.0882494814885604,0.0013047881735796,0.00185517207333185,0.0012074772595648,0.00255101539052607,0.00105047278027258,0.0018491236892754,0.0144921629017328,0.000784221681349744
"bear46",45000,0.00469894933873698,0,0.0672743192645548,0.0254839455251587,0.588218892805256,0.032601804295504,0.00101061896776841,0.000529757045507031,0.0109035701685523,0.00110125691994812,0.00303343178372423,0.0275484825960163,0.127240003310541,0.0868684516097226,0.00091372042409443,0.00174000237521743,0.00120960592664429,0.00278890666643921,0.000883805080550902,0.00131145248578368,0.0140320389337578,0.000606984701417835
"bear47",46000,0.00527551564592343,0,0.0621260880130103,0.026230391206559,0.602963064482399,0.0311361478133952,0.00110677244687727,0.000438487488984632,0.0108422456429732,0.00109945798203876,0.00265821848496009,0.0268341307340462,0.121829033867216,0.0856295863376516,0.000628121553285177,0.00149360081326693,0.0011158490247572,0.00297156415816036,0.000748408946100783,0.000941041532963059,0.0134635850999254,0.00046868911531593
"bear48",47000,0.00604823392847503,0,0.0572176984881544,0.0256939621705946,0.619656939463545,0.0293579962602191,0.00108588663364209,0.000360903117045383,0.0102708634265109,0.00105714841288934,0.00234537584896964,0.0258961092438949,0.116544371094013,0.083728999121047,0.000486717320525769,0.00122215533415772,0.000915445491035473,0.00323733601256945,0.000707856502400656,0.00075729744281478,0.0129748339054599,0.000433871126974374
"bear49",48000,0.0066400664607236,0,0.0538110164183091,0.0257220979437215,0.630721331663976,0.0269676251163297,0.00111682791400448,0.000386564135647849,0.0100267615015143,0.00102816843442616,0.0021472233636622,0.0258753134681739,0.113747748092962,0.0822541850466102,0.000442061586342744,0.00100254497769943,0.000702429246147491,0.00344656247105391,0.000796243921681886,0.000619124246709829,0.0122476806259396,0.00029842354659977
"bear50",49000,0.00636372545956184,0,0.052092914549311,0.025296290471967,0.64089982925462,0.025164088866054,0.00109175766192232,0.000360671111431366,0.00980219650081378,0.000881733591852129,0.00201528201070805,0.0246325949519141,0.111830703811049,0.0808083028656674,0.000396707639792239,0.000790751915055466,0.000461558027426689,0.00359406713623105,0.000958568160968294,0.000571120358379263,0.0117977181998645,0.000189417559909499
"bear51",50000,0.00636472755668425,0,0.0484456958823415,0.0250134601002644,0.649181438295224,0.0235851147606364,0.00112987216738736,0.000377756114408202,0.00975418455238709,0.000848105566798781,0.00181390570100068,0.0239255898246715,0.111104250702478,0.079633081584678,0.000395343569978273,0.000656343931635126,0.000344443125069505,0.00369245988329666,0.0013559037324919,0.000675397098584446,0.0115072876806891,0.000195638265645582
"bear52",51000,0.00638358194591048,2.85906368769022e-06,0.0437761043693616,0.0230565290398194,0.652974048112367,0.0221614544232748,0.00119650117997337,0.000397827709893441,0.0092413642600449,0.000750948761056324,0.00152432077932229,0.0237365308750276,0.118973301930204,0.0769186758794672,0.000421551275026242,0.000609053581069339,0.000283910817501864,0.00389464001959645,0.0018565352512532,0.000730677602579512,0.0108450900788743,0.000264493049754691
"bear53",52000,0.0061215290632486,7.12404239052017e-05,0.0396202592629099,0.0209784888229309,0.648365566546595,0.0222038764303301,0.00123126875478872,0.000408899422278848,0.00886271899770247,0.000699261701445515,0.0012820262933696,0.0244191050030889,0.132931986860179,0.0730675159836046,0.0004180556303373,0.000658013723836917,0.00034895790375381,0.00408631573037207,0.00228124872873775,0.000842731237958342,0.010680204997149,0.000420728415033674
"bear54",53000,0.00591068445815274,0.000147245980789406,0.0366098523852386,0.0187215115759236,0.639027052143447,0.0230036727686755,0.00116934219932759,0.00029939216921997,0.00873701740238815,0.000682971562316471,0.000987041120891912,0.0247480446139555,0.151706885610229,0.0675813957310168,0.000417390419516689,0.000759096530387914,0.000457343478852167,0.00441817260128302,0.00259520609837633,0.000993443938795549,0.010360208324058,0.000667028851304639
"bear55",54000,0.00604887309750116,0.000226189600143585,0.034403474332227,0.0158338745787404,0.620834007585865,0.0245658015237483,0.00124735435251369,0.000230220460029622,0.008507859607262,0.000720505295954618,0.000750842367430782,0.0253761421596073,0.179184289595615,0.060604551476119,0.00044125200007013,0.000809576864638292,0.000583837041813592,0.00471032520714887,0.00270644192812474,0.00105023043075368,0.0101751309106444,0.000989219598375362
"bear56",55000,0.00584752321786828,0.000297795548827554,0.0350814422958284,0.012144802563775,0.597288845818064,0.0275665744950942,0.0012425914684987,0.000150270412608275,0.00841600186094878,0.000637428973823624,0.000682956491861988,0.0250344898707585,0.210056843456973,0.0539566277654091,0.000542364029992415,0.000870903000070273,0.000577620471499033,0.00483548498944163,0.00240152577445161,0.00103725185835251,0.010133264327137,0.00119739130932825
"bear57",56000,0.00538034654240838,0.000356778851610898,0.0382192546486971,0.00954997868220388,0.580466952188849,0.0319193725125769,0.0012154985901657,7.07632830518576e-05,0.0087246584009269,0.000542792377295629,0.000805156922338544,0.0237700318941113,0.225602378653119,0.0508612545353784,0.000624585885086376,0.000940576823980722,0.000618090710088368,0.00486053606192537,0.00219324935434471,0.0011023866833141,0.0108588587694501,0.00131649775119497
"bear58",57000,0.00469745562862516,0.000282919391252755,0.0415032780261051,0.00755460573217125,0.572394997278447,0.036333340818671,0.00124827237574531,0,0.00912532237983298,0.000392446388998645,0.00118700370265333,0.0209393072991418,0.231554989920114,0.0498024521281655,0.000692244975263298,0.00115766249029263,0.000543460750473002,0.0048247185698156,0.00205339488644162,0.00109304754273959,0.0113033184759097,0.00131576150647847
"bear59",58000,0.00387204908745597,0.000208073174147595,0.0445181043254327,0.00601866077817852,0.567712649259598,0.0422611857946058,0.00135814923844472,0,0.00890730496069231,0.000334781096417052,0.00178808766973714,0.018250224668594,0.229487316940331,0.0513032625994311,0.000923494280001508,0.00146354908066401,0.000465438471672945,0.00462646503762144,0.00197763768436223,0.0010291902292762,0.0122107785466731,0.0012835973674922
"bear60",59000,0.00298420274599285,0.000134883302995828,0.0500537313930246,0.00491950233679982,0.572961592649119,0.0502893702149714,0.0011825859992486,0,0.00846931426000067,0.000394352940509428,0.00263659879402034,0.0150469952400807,0.208796314464363,0.0568273129827397,0.00132543617619851,0.00196200130003315,0.000405300247689572,0.00464822559839709,0.00205146694274029,0.00105977031033818,0.0127934318493088,0.00105761052654613
"bear61",60000,0.00209734175231648,6.66530009383664e-05,0.0584283467066944,0.00478272392403901,0.582951085607081,0.0585784675825082,0.000987009270080515,0,0.0078422432130549,0.00068460598087881,0.00391235127585887,0.0117454056109484,0.174633173882438,0.065105828730254,0.00178558816064697,0.00248472555567137,0.000411532609802833,0.0051465910095011,0.00242937274399801,0.00118356960427897,0.0138797294976805,0.000863654551917075
"bear62",61000,0.00134840503603694,0,0.0669397907700281,0.00470134404017247,0.590535927535596,0.066426433393656,0.000818300660730719,0,0.00740856030475536,0.00117486456958906,0.00547907982932428,0.00851618381102428,0.14236998804084,0.0729707325460266,0.0023130836791676,0.00312395414851468,0.000303309238255912,0.00560382033214264,0.0027393848206989,0.00125198926093404,0.0153638154579272,0.000611032667030372
"bear63",62000,0.000967316877303241,0,0.0754350665667544,0.00481224782317668,0.592578692126559,0.0733778947903835,0.000631593833719486,0,0.00720794192184793,0.00173679435120376,0.006681214547672,0.00663986772496167,0.115662413534149,0.0799287980510696,0.00285549195936592,0.00343417383182262,0.000234308529897871,0.00580110672707542,0.00323534434030149,0.00137912831797099,0.0170005112020847,0.000400093001378766
"bear64",63000,0.000776265575529602,0,0.0823555697462098,0.00526711997090891,0.596547161408165,0.078026481033722,0.000345952046564163,0,0.00742628673148425,0.00225569442554474,0.00762683154755311,0.00497322606774664,0.092031007723671,0.0850143933721376,0.00322199877145421,0.00355024454768322,0.000161948714039109,0.00587469809697983,0.00387458892698439,0.00154395903211493,0.0189355221452367,0.000191050120309275
"bear65",64000,0.000791037591645229,0,0.0873136073399542,0.00662825746478788,0.5923038577542,0.0820809630714217,0.00021845038670738,0,0.00801713664889359,0.00294910006480348,0.00828059003651557,0.00429656102911019,0.0790959691288377,0.0867381131152217,0.00353487402886377,0.00348553383182502,9.17957664815647e-05,0.00578918606629272,0.00462279120834074,0.00159917731804516,0.022071202323407,9.17957664815647e-05
"bear66",65000,0.000955031464539182,0,0.0895675663706778,0.0082410955211692,0.584142203776979,0.0846155702690724,0.000140680803100006,0,0.00871121359764876,0.00333563922424014,0.00808883288943087,0.00438736702462345,0.0778666594302828,0.0867895759460387,0.00377806489646661,0.00313588118268941,1.44255095064251e-05,0.00504085091118526,0.00528062358236041,0.001527721968666,0.0243665699493101,1.44255095064251e-05
"bear67",66000,0.00114296170761464,0,0.0889037922542858,0.0104687689997145,0.578396260963576,0.0835112091640471,5.61323519482319e-05,0,0.00915079593673582,0.00335367062894194,0.00697623231835359,0.00536223190890352,0.0820630137071509,0.0872775643817072,0.00397458583438114,0.00244720507147085,0,0.004054913328395,0.00569275230832637,0.0015760163967281,0.025591892436445,0
"bear68",67000,0.00137345434365923,0,0.0858563549351558,0.0127247445485321,0.57606705021692,0.0789491756135209,0,0,0.00929872600907795,0.00318778824227717,0.00580300218834488,0.00655556545537186,0.0890144489415166,0.0868960367574937,0.00449079407837233,0.00184023740772393,0,0.00367874795330214,0.00559959993999313,0.00186193361165093,0.0268023392107094,0
"bear69",68000,0.00169749150195848,0,0.0862452719052894,0.0148807801739539,0.566611614170916,0.0762086735192786,0,0,0.00970476536498403,0.00284325442105643,0.00450098116208914,0.00776317818956225,0.0948128377698483,0.0895312715762117,0.00508181677299247,0.00136502795308379,0,0.00363973249047613,0.00534686610732348,0.00220622013250169,0.0275602161810482,0
"bear70",69000,0.00182041589718555,0,0.0870976287340109,0.0155942542442142,0.563157438124611,0.0708049978146982,0,0,0.0100708579394149,0.00205919976324683,0.00334627013334954,0.00926951173267542,0.0996182197488007,0.0929986458457849,0.00540546501285512,0.00106254718712122,0,0.00362762415883572,0.0048262765217356,0.00258666471019741,0.0266539818704606,0
"bear71",70000,0.00227712059987662,0,0.0859729241114445,0.0157299982596283,0.564983929610084,0.0633876059150195,0,0,0.0104978386209201,0.00142830432557955,0.00244057049337932,0.0116004137636187,0.105348356667053,0.0921843604430116,0.00537624180135926,0.000959359975068608,0,0.00420660501889657,0.00406929154089268,0.00289674665989732,0.0265650536637836,7.52781008016344e-05
"bear72",71000,0.00282895906723955,0,0.0873993723045895,0.0154979820853166,0.563979913779265,0.0598845405370446,0,0,0.0109577826784123,0.0011082865101466,0.00191132088951282,0.0135020178882342,0.109001523661512,0.088229005820852,0.00539231301353083,0.00110375482015434,0,0.00519669256280286,0.00345366975584971,0.00302317233810473,0.0273763977000837,0.000153294292565118
"bear73",72000,0.00335901374689345,0,0.0915945093420628,0.0152437556299459,0.563177436906331,0.0573281678041127,0,0,0.0120062574282116,0.000844660578217471,0.00126802864672771,0.0151366974768758,0.109014225568656,0.0852625267881476,0.00466330245973653,0.0013160871646892,0,0.0062136879680574,0.00285003082692148,0.00271141565516499,0.0276877083896417,0.000322487702691291
"bear74",73000,0.00386955809446983,7.36965871797611e-05,0.094284496069895,0.0149124866505736,0.564137005500276,0.0504011058316328,0,2.21607907811482e-05,0.0130046408544392,0.000663641077129752,0.000890612618013713,0.0169255726326904,0.116603862449245,0.0782043495791241,0.00365103422658369,0.00136775136667296,9.58573779609093e-05,0.0081590835026434,0.0020926650266237,0.00233090738675669,0.027788268431521,0.000521244208702152
"bear75",74000,0.0046765432381826,0.000168693378332487,0.0964032637913367,0.0155842858377345,0.557151390469627,0.0434602836421001,0,0.000113717986076941,0.014104533503317,0.000673636200427553,0.000672321020071663,0.0175954216080359,0.132215043940765,0.0691873286272903,0.00254658212253276,0.0012891247737966,0.000282411364409427,0.0109942038329422,0.00142991666020699,0.0020568481557553,0.0286394142086901,0.00075503594628362
"bear76",75000,0.00493761658335121,0.000281416461818644,0.102621913734949,0.0172180842395059,0.537675347342547,0.0382888768733081,5.76086708723108e-05,0.000222070403715985,0.015254994979667,0.000869392723322808,0.000681209657834051,0.0164645650627724,0.151699994415037,0.0629794615212708,0.00160924103403507,0.00120428328192118,0.000503486865534629,0.0141095869105138,0.000976096575983003,0.00210779581469409,0.02940005554336,0.000836901579676385
"bear77",76000,0.00520362298684207,0.00038476567353377,0.109342631797805,0.0196595206443411,0.508041278000484,0.0326913224731814,0.000157425872958987,0.000325125315532203,0.0157278500819251,0.00103167458055296,0.0010339704686464,0.0146226582253438,0.176810519270347,0.0616937580908565,0.00082821711194228,0.000864123209592298,0.000709890989065973,0.0171899612781283,0.00075315956265519,0.0027602961057195,0.0293091698912746,0.000859058633515508
"bear78",77000,0.00546680053840671,0.000499258047351671,0.115014864199882,0.0233821912280942,0.467485066520736,0.0292058357689187,0.000335869544781103,0.000438358994354045,0.0151013223776238,0.00124597273866174,0.00169392482119667,0.013888324010411,0.208213148073911,0.061425387164463,0.000719794032195557,0.000468707510235441,0.00100889339358597,0.0194248211126885,0.000730493208996981,0.00376403754602032,0.0298040576535597,0.00068287154423758
"bear79",78000,0.00576305495089539,0.000417879830451302,0.120432442607394,0.0270475603171563,0.433640668469989,0.0308794896721737,0.000538843592737861,0.000484471975264178,0.0138878750525462,0.00184378894840593,0.00211782377434653,0.0143948096129347,0.227162853832809,0.0636938704848377,0.00095726401812352,0.000237191128580694,0.00109710626326877,0.0191966910746861,0.000818738489685548,0.00505034710968804,0.02978381773017,0.000553411121747815
"bear80",79000,0.00579511436862235,0.000308500943522752,0.125189328785282,0.0290565713077857,0.418981484224179,0.0342702699560866,0.000725090083925814,0.000372826961858078,0.0120136637496551,0.00248206223142464,0.00248135826737145,0.0158252292666785,0.229110937400055,0.0669572572816586,0.00132692400992602,0.000128563654842005,0.00107367584694118,0.0174548412392743,0.000801802174895916,0.00603731660593628,0.0291736439792091,0.000433537803213597
"bear81",80000,0.00580290031419445,0.000201789792361617,0.126486212258348,0.0297020848891064,0.420593758426588,0.0378517127110399,0.000778118265560707,0.000263186522051666,0.0103952576308342,0.00293290255953978,0.00282083542366128,0.0178760232332247,0.220949996025728,0.069793736606368,0.00175782591778481,9.55231620431919e-05,0.00103832197857032,0.0150498021251375,0.000742041532051331,0.00638741552692177,0.0280570584394763,0.000423496963131797
"bear82",81000,0.00541155230944491,0.000105220353592703,0.128111638452601,0.0290882974660061,0.434093579405463,0.0414779486647762,0.000772239471060793,0.000165464501436881,0.0096030386010804,0.00332078368687247,0.00307207223898681,0.0201269907250286,0.203546684723839,0.0712688069179524,0.00210674705942206,0.000170077976784637,0.00103238658318565,0.0118352273863369,0.000541839104751088,0.00590677006787114,0.0276283196496998,0.000614315105387863
"bear83",82000,0.00507151102268981,1.01318239361663e-05,0.127568592637935,0.0258791773942438,0.460819229165699,0.0437829177978552,0.000623326705442226,6.8135083507684e-05,0.00915391258388774,0.00354759599336682,0.00310045715128456,0.0212408176693131,0.183304073589708,0.0698125538664499,0.00238258210770754,0.000262681659037309,0.000878541700626232,0.00939654740921437,0.000338637673754995,0.00539070445431111,0.0264848353958786,0.000883037734420696
"bear84",83000,0.00455561716362866,0,0.125473264895164,0.0220207663908092,0.488158858034601,0.0452709736535411,0.000457278012804442,0,0.00857138838863939,0.0033129502872628,0.00338565212790434,0.0210037357235094,0.16628629119613,0.0686068336836018,0.00262223238504571,0.000375775982131142,0.000797506779422161,0.00759395586877714,0.000228485752478202,0.00447636337920357,0.0257508733827617,0.00105119751336484
"bear85",84000,0.00393790252508296,0,0.121348628911433,0.0183713834301417,0.514894882260285,0.0456271255717861,0.000272382422338437,0,0.00834231257125927,0.00294851818847727,0.00342146635881051,0.0195928370784812,0.153657035299023,0.0671532779074396,0.00289453854052149,0.000492881214233913,0.00062074570090259,0.00652419400127618,0.000251845237208365,0.00339517521574302,0.0250683244646121,0.00118454374778147
"bear86",85000,0.00367872089588291,0,0.114806124759415,0.0149116710856648,0.542396692074702,0.0455931149479914,0.000127931851899224,0,0.00815074124102498,0.00234671981173869,0.00311498294331274,0.0170572073088931,0.144332039205646,0.0644731174121599,0.00290374988740241,0.000512120578240818,0.000587997540147264,0.00567180942895438,0.000436424761478853,0.00279558503340853,0.0248757948274474,0.00122745502399897
"bear87",86000,0.00393453267397367,0,0.103392162464677,0.0123012432341183,0.56844196284678,0.0444012143307639,3.00676933558452e-05,8.38048171624563e-05,0.00754321155005779,0.00181991717473614,0.00258554389206566,0.0145804218560651,0.141291442455263,0.0619700423200515,0.00285050401687224,0.000512489190420156,0.000584682016060404,0.00563175977079516,0.00073921667124181,0.00275842961395292,0.0236308247550255,0.000916527300918442
"bear88",87000,0.0041140160026652,0,0.0927826452246901,0.0110658846098659,0.589221221698268,0.0434609177747758,0,0.0001883188782809,0.00738750093807353,0.00133794227290249,0.00205844078735221,0.012177926301288,0.137467954525063,0.0619705281927333,0.00276093161446475,0.000549203932414649,0.000660483482340921,0.00553103267298808,0.0010591316734463,0.00267751514365918,0.0229094744827533,0.000618930404804195
"bear89",88000,0.00430507404242043,0,0.086635264997626,0.011870699714163,0.595698232500509,0.0439250399194095,0,0.000276890408986711,0.00766739033535414,0.0011957262395055,0.00164914055754378,0.0107504288085544,0.134922813737828,0.0640617592444267,0.0026981885069862,0.000615687622315004,0.000739158515386638,0.00584627059672381,0.00121041502747324,0.002925436649937,0.022628875527216,0.000377507635755204
"bear90",89000,0.00466034591822789,0,0.0834820801392875,0.0129356435020674,0.595120694158873,0.046517954528224,0,0.000373110505844216,0.00806560511901227,0.00118537205830833,0.00150005018828256,0.0101196624512052,0.13151094952683,0.0670593725103176,0.0026242027993533,0.000706357154403645,0.00092303720913513,0.00583983286778214,0.00128510655723943,0.00334952025147553,0.0225586278961835,0.00018247519396286
"bear91",90000,0.00499401526202867,0,0.0828415815261438,0.0139080217492442,0.587344577257506,0.0495144941198985,0,0.000513244484839677,0.00885739298010879,0.00124822165679384,0.00151472762858362,0.0103603452125129,0.127711716391172,0.0741434698415983,0.00260272078745293,0.000855483842222692,0.000833588644526854,0.00632415891316613,0.00136101840240444,0.00354753346061566,0.0215236883645322,0
"bear92",91000,0.00473282705184995,0,0.0867954331448217,0.0157144624159354,0.576193967401238,0.0515469820215375,0,0.000470987210345149,0.0108125198982632,0.00124154075840096,0.00182933892955045,0.0105794570230941,0.121441528205519,0.0814091658102674,0.00240573498631218,0.0010048761557958,0.000666850588760336,0.00685541010254188,0.00161944391734712,0.00371211909976746,0.0209673556700996,0
"bear93",92000,0.00445725977432833,0,0.0911463413921573,0.0176289437483696,0.565882164085324,0.0526668471438082,0,0.000363474595765084,0.0127807555307243,0.00125698829461092,0.00225197202190639,0.010671190520486,0.11461901643406,0.0887756972072074,0.00205006438791676,0.00114049858744039,0.000456756802065244,0.00728764666220281,0.00206773453679176,0.00399547736376575,0.0205011711505636,0
"bear94",93000,0.00446092801011882,0,0.0925858960660222,0.0181170642231987,0.561925418265826,0.0516991103119724,0,0.000258495528214425,0.0152526921319493,0.00115650432439303,0.00243000070458761,0.0107768187754776,0.108044643431578,0.0958934987709254,0.0015121800779121,0.00129758257379142,0.000245855257766826,0.00775008324117576,0.00264054837881092,0.00428159185743747,0.0196710882523351,0
"bear95",94000,0.00443962275755511,0,0.0909589080572069,0.0176830612573213,0.566024582752795,0.0478621463840942,0,0.000229602311360158,0.0175467608135893,0.000904542502853204,0.00238749364677538,0.011147976751723,0.103626225930932,0.100609306958435,0.00101480887398462,0.00138788239566243,1.71839561529374e-05,0.00823361721294188,0.00321770618198269,0.00423408886463381,0.0184744825632189,0
"bear96",95000,0.00425604836340757,0,0.0856446545289315,0.0178392030473651,0.579176887982845,0.0432404611271198,0,0.000222929580188317,0.018426245671073,0.000842309056554402,0.0022581459335995,0.0116402378209058,0.101675130495699,0.0985286111625803,0.000804163693339845,0.00148716608373415,0,0.00839854728925405,0.00355289867462917,0.00389221122312865,0.0181141484446888,0
"bear97",96000,0.00438280358891259,0,0.0801818678165844,0.0173095693627996,0.585756415049861,0.0419061168435699,0,0.000318991527841204,0.0179383132400172,0.000965850620246949,0.00210430960688184,0.0122992730001131,0.103616316230686,0.0979773554842335,0.000800981847388971,0.00160620819964996,0,0.0079839491719739,0.0035673967837906,0.00356582807155622,0.017718453791508,0
"bear98",97000,0.00474238550392447,0,0.0740806906609102,0.0164497691407358,0.591198951065609,0.040334883179822,0,0.000440935420073492,0.0182713456064581,0.00119593743401883,0.00182051946227166,0.01401041197913,0.108651364662617,0.0948558692287218,0.000972718005468418,0.00161821832979948,0,0.00775050792398007,0.00319553371605912,0.00298216546271196,0.0174034450935931,2.43485178162966e-05
"bear99",98000,0.00557912065018379,0,0.0702421344498738,0.0165914348872166,0.595963152888727,0.0376724888375141,0,0.000554806472226907,0.0196841287532099,0.00192096240448764,0.00161481967927569,0.0158876738616274,0.111765594637961,0.0887622821222005,0.00121870507115461,0.00141372515366861,0,0.00772760333385518,0.00299872231635537,0.00220689891107467,0.0179867496566433,0.000208996344306793
"bear100",99000,0.00663012888810724,3.24342321329788e-05,0.0696068225468429,0.0178546837780485,0.594785611750302,0.0352507402778254,0,0.000496997118340149,0.0213597850362622,0.00290802142491175,0.00155076113161023,0.0170514198864042,0.115826726094045,0.0810711600559134,0.00142932125901335,0.0013042967488777,0.000129736938327054,0.00827186113636842,0.00280658511792692,0.00158215406288696,0.0196516831831123,0.000399069671784558
"bear101",1e+05,0.00765491026166417,0.000139353509577529,0.0755960435109049,0.0187219108510105,0.579785889745184,0.0336570296964863,0,0.000369328395025956,0.0232464212661981,0.00385767917317508,0.00160554280162821,0.0165509348242177,0.123828670679042,0.0762940949009163,0.0013905741715069,0.00101840842860631,0.000679117396736444,0.00923806464962383,0.0025909462390995,0.00140647220403381,0.0217151315297048,0.000653475814064287
"bear102",101000,0.00845681927704231,0.000227470614884814,0.0840574121351852,0.0201478617469982,0.56287960795328,0.031113703245559,0,0.000234466428779446,0.0249945644636472,0.00442982225657143,0.00173906816298667,0.0161535317851192,0.130902547269755,0.0713665250231991,0.00132572577046588,0.000744088313768874,0.00121051125131414,0.0110176135828267,0.00248340528492931,0.00137910647086543,0.0242286480227656,0.000907500711414463
"bear103",102000,0.00886531146770491,0.000312967232574988,0.0944235596725839,0.0224915699899895,0.544458758124045,0.0295054949294062,0,0.000123567974008884,0.0252772051094536,0.00476497257431631,0.00193671549366316,0.0153336252897557,0.13575134426269,0.0686699548321703,0.00122074882891157,0.000596674684882949,0.00172057938758147,0.0127070097391187,0.00259546297866196,0.00147471615371537,0.0265934820036163,0.00117627877260729
"bear104",103000,0.00841404150820396,0.000414498612336825,0.106055301263087,0.0244607409407025,0.518327041720777,0.0298058960209518,0,2.28634839799904e-05,0.0234273692726163,0.0045755736124006,0.00204582422265821,0.0141732432039491,0.149859449219903,0.0663715241210848,0.00108148149773105,0.000633506043123293,0.00231773154088839,0.0141995922403883,0.00248242888040258,0.00171070549158003,0.0283983347206354,0.00122285170481383
"bear105",104000,0.00740070362632456,0.000512664982738267,0.120465936726398,0.0263538743498116,0.489842855187477,0.0299877886761308,0,0,0.0203315950839643,0.00404382540873712,0.00198836579707763,0.0130469746975991,0.167621836777519,0.0629758808219189,0.000894237018240558,0.000633197652577151,0.00267752029778872,0.0150690192406277,0.00235196510266324,0.00202568866124623,0.0305348963653566,0.00124117279203955
"bear106",105000,0.00651930237186899,0.000571293134793102,0.133356992009629,0.0293707585688216,0.468431956223712,0.0301172511586883,0,0,0.0176487264936998,0.00334625866838963,0.00183714588367027,0.0124257506030944,0.180698740046926,0.0571900949558046,0.000820866565323404,0.000751615278453538,0.00240788398744528,0.0152912995284152,0.00236074895963943,0.00224103837664473,0.0334607374843798,0.00115153910426166
"bear107",106000,0.0052989092298982,0.000693766446560799,0.147490273006457,0.0328489648257231,0.44566987756548,0.0299161133383394,0,0,0.0153387371368093,0.00260764296155482,0.00163012221800153,0.0108015784205242,0.195768030257984,0.050803165994796,0.000658255544599172,0.000890051983566715,0.0019983169217585,0.0145450422706649,0.0024776254543983,0.00234609847604692,0.0372724954843238,0.000944932122688802
"bear108",107000,0.00430001241661868,0.000802305670705133,0.15667203334471,0.034461372562229,0.432829766527639,0.0294453534270632,0,0,0.0138076040770782,0.00195979947764708,0.00133303881873106,0.0087110476944224,0.209607631431486,0.0439377952557832,0.000425883586241904,0.0011396120187486,0.00150517725202238,0.0132773656085508,0.0025741678763238,0.00234577191860553,0.0402652892070779,0.000598971691785229
"bear109",108000,0.00388073116869545,0.000845658140229854,0.161257731349526,0.0361672041118783,0.439428188179784,0.029445719897013,0,0,0.0136763818205312,0.0017330915105594,0.0012516652799836,0.00698705062202797,0.202903288405704,0.0405768784720596,0.000263916656645339,0.00130480764134727,0.000924159705236118,0.0118410607476607,0.00265453449786219,0.00229747958558494,0.0421916872834798,0.000368764814232649
"bear110",109000,0.00361193629410651,0.000832621434224085,0.162896769292607,0.0362596852519088,0.450323276144663,0.0326821178755382,0,0,0.0143183615241803,0.00177698513502394,0.00153870312475674,0.00554269142728513,0.188690046826288,0.0410204610395465,0.000158850364724199,0.00155302676572625,0.000470934474266308,0.0101149394075936,0.00282584070691314,0.00202376285224175,0.043185225036818,0.000173764933197543
"bear111",110000,0.00335229631071542,0.000724041973960639,0.162760596601069,0.0336188630348548,0.464492478351911,0.0368967966009095,5.76964134833993e-05,0,0.0146633586388483,0.00195945662936341,0.00188759385259616,0.00467279388237933,0.172437245986097,0.0446428193045804,0.000170856570338261,0.0018057291936729,0.000303246271387585,0.00860380772828832,0.00301126181040797,0.00177902423645765,0.0421045727350387,5.54637268702858e-05
"bear112",111000,0.00333116343472961,0.000535590834459532,0.161302367641633,0.0296554553824324,0.485842134406697,0.0425462693948357,0.000156213388860978,0,0.0143639257207066,0.00223414305839979,0.0021226043161396,0.00440935695753299,0.150529676294079,0.0493814342841475,0.000312426822398992,0.00218519617375968,0.000216809746279458,0.00734905307376119,0.0030169667247126,0.0017154189585388,0.0387937929897389,0
"bear113",112000,0.00312365321241499,0.0003428638878656,0.161636439734958,0.0261459356323801,0.503433679289781,0.048909341092371,0.000248219472229489,0,0.0145367003127212,0.0025636504780948,0.00236055701816443,0.00432047446523673,0.12780095380737,0.0548326317433126,0.000496439015449757,0.00254117788679291,0.000128990477372965,0.00619352294417301,0.0029619840826023,0.00178219894116927,0.0356405859832174,0
"bear114",113000,0.00276524392226601,0.000165138186186839,0.160428763244052,0.0205563062746512,0.519610281547626,0.0542587149276253,0.00034540641693593,0,0.0149268833599833,0.00278428402940288,0.00240450353706618,0.00388429895404789,0.11268308681145,0.0590898224549956,0.000764689323208139,0.00280045172046641,4.71905113728374e-05,0.00505164505390057,0.00292030688334891,0.00180943460761495,0.0327035476572499,0
"bear115",114000,0.00258431883065099,4.39729563833686e-05,0.1548654657013,0.0164740648483682,0.537979786035113,0.0541524016189485,0.000428925612095727,0,0.0151158856973309,0.00273244167053146,0.00192995244946162,0.00339568105333956,0.106436499267428,0.060849958112457,0.00102323043119929,0.00270455352513742,0,0.00452528614836794,0.00262492596320353,0.00205460414140995,0.030078045234771,0
"bear116",115000,0.00229930693031383,0,0.145945860425204,0.0141014666347047,0.555193306575324,0.0533430891652101,0.000470778203170531,0,0.0147862986284609,0.00260893344877864,0.00143062145954572,0.00261658152050317,0.10425631327859,0.0622296148862751,0.00111507175900529,0.00253392619797533,0,0.00423426775658346,0.00226451775078467,0.00213846872357299,0.0283947085954694,3.68673117679735e-05
"bear117",116000,0.00194861306927968,0,0.134936348595443,0.0127987656221253,0.569841605512427,0.0513370063816756,0.000501739944246142,0,0.0146707272015388,0.00243188423082651,0.00107059179176405,0.0017674655285677,0.104073363220167,0.0647823461248934,0.00101910420644196,0.00214305747212623,7.15984783463252e-05,0.00429256688542401,0.00231743514654704,0.00220599181413556,0.0276757598142864,0.000114028407259511
"bear118",117000,0.00181306211279685,0,0.12269993997438,0.0118253160172964,0.582426529134088,0.0485035467967163,0.000525586491177971,5.6270052120107e-05,0.0148263606331152,0.00229076198262633,0.000879328144056779,0.00123616403589464,0.105551251942135,0.067998949831567,0.00092736152185399,0.00147089659137281,0.000216108783585699,0.00455049321709531,0.00273556925177474,0.00215233023759326,0.0271364944114054,0.000177678411372608
"bear119",118000,0.00182585213179738,0,0.113300007033782,0.0121145082099596,0.588665393906064,0.0464594247006662,0.000560225870993873,0.000121025088621914,0.015352945838691,0.0022278266492797,0.000847353315015196,0.00112927787823564,0.106663989965985,0.0715982228894641,0.000763406677036471,0.00103608456871699,0.000346984011873014,0.00477660248833781,0.00326913225783432,0.00212954208906707,0.0265746752673555,0.000237518933083083
"bear120",119000,0.00205687257568806,0,0.105045773257515,0.0124497536413602,0.589390678480335,0.0452843903241044,0.000595633748679372,0.000180475480874458,0.0170878313918006,0.00223589050446685,0.000984846222218267,0.00116722639164677,0.108716208732026,0.0757308756193087,0.000588683153991174,0.000825357339862883,0.000513999989875782,0.00492214454662714,0.00408647047592321,0.00192050004957093,0.0259230160372252,0.000293372082307646
"bear121",120000,0.00303437731026472,0,0.0982287645695857,0.0129270666316198,0.585609772034474,0.0430635508930557,0.000570938565704481,0.000240589698645525,0.0201291596635886,0.00230630822925254,0.00108157595711459,0.00129716576255789,0.113434282686391,0.0788012221774493,0.000454632518433255,0.000625300920042406,0.000703778159077738,0.00516558308517345,0.00481075009886499,0.00182133904870886,0.0253774412352179,0.000316401006193637
"bear122",121000,0.00530245503354382,0,0.0902818781384037,0.013609771606153,0.5730633670424,0.0398945860269564,0.000459602126228938,0.000310060794936587,0.0278319721312733,0.00233847074996879,0.0010934047362498,0.00168759745603085,0.124284191896883,0.0799619720166413,0.000398095457535381,0.000471125640447316,0.000877293804147062,0.00564777077850258,0.00529730579390662,0.00149795741745607,0.0253177187177834,0.00037340289797766
"bear123",122000,0.00882920882280728,0.000110576917405971,0.080775672001102,0.0147231649144556,0.550563828512303,0.0351325211063441,0.000396610584265073,0.000284823552417749,0.0486369572530219,0.00214963461583251,0.000898642005971563,0.00203254272439275,0.135232532386448,0.0791736337115775,0.000347048268107007,0.00055326785198996,0.00102587413777547,0.00678341154037734,0.00544369365177918,0.00113954863429086,0.025283092818635,0.000483714210610518
"bear124",123000,0.0131666677447886,0.000473820149780665,0.0712691679623243,0.0162905591658511,0.517232322341712,0.030270689629103,0.000457321384597069,0.000213856075139498,0.0832165106731896,0.00192821780579781,0.000618005709379074,0.00231465750884739,0.142073471820609,0.0767843432830763,0.000328102628354236,0.000556275256920957,0.00113287572941918,0.00866680926818136,0.00540756553028598,0.000834504373292958,0.0260913202181053,0.000672935907614417
"bear125",124000,0.0177896898317169,0.000940481209893898,0.0650178339849645,0.0181302779276941,0.473061310321876,0.0267549159191629,0.000591965392919997,0.000147534601706264,0.127381951646767,0.0017549556331614,0.000351867871884225,0.00262732491198959,0.143202558785938,0.0743550366073486,0.000331453889999977,0.000489890686764709,0.00116279154564041,0.0114816368762581,0.00507373589245223,0.000685830601269344,0.0277942500846776,0.000872705815225959
"bear126",125000,0.0212507577632665,0.00149240523604836,0.062468176429374,0.0204364341991154,0.431014171109588,0.0245537594192521,0.000767126296041516,7.91534170999432e-05,0.168281494388045,0.00151998093543457,0.000139949774960731,0.00282924695545716,0.138677414495999,0.0726767855217866,0.000343739792702379,0.000441744252097264,0.0011374635564386,0.0148498838250949,0.004779670152603,0.000607238498712849,0.0306150306539694,0.00103837320661051
"bear127",126000,0.0227605157900454,0.00218550096119449,0.0632138407197727,0.0236461204767601,0.401445396891785,0.0229586035269544,0.0010153339973088,1.35833290164116e-05,0.198276968587058,0.00157465761337982,1.35833290164116e-05,0.00273545320608456,0.127522813100264,0.0720949186045441,0.000402755539774309,0.00038544488870183,0.00106986194856097,0.0186876929246465,0.00446693523698438,0.000796100897608317,0.0337000910063255,0.00103382730157676
"bear128",127000,0.0228201441093431,0.0027224935348048,0.0661937377962086,0.0273894916178561,0.38570118374612,0.0231163365495285,0.0012223212668779,0,0.206954124287816,0.00209415169497763,5.34200473296278e-05,0.00260101754115752,0.114997582380468,0.0745562027871582,0.000464990166627517,0.000259029271985601,0.000900948118639258,0.0235184173373945,0.00421657470478435,0.00106312522413159,0.0381868146314267,0.000967893160667491
"bear129",128000,0.021616512812198,0.00283048153951195,0.0716662389688781,0.0324757778308059,0.386329943337728,0.0230021102537798,0.00117312895872145,0,0.191371113353307,0.0027650192392595,0.000165502877158834,0.00238894856275699,0.104226903447857,0.0788780754048521,0.000536658533771697,0.000162213106180729,0.000725861169265724,0.0293272190959807,0.00400394827879055,0.00120782636471412,0.0444203720297712,0.000726144803862667
"bear130",129000,0.0190198552212444,0.00270664890640829,0.0775348300339955,0.0388247020394057,0.408795178956209,0.0226827860068469,0.000959485129810835,0,0.150970318974596,0.00347108930747401,0.000288669759896131,0.00194725797855723,0.0979398124768717,0.0822306518170286,0.000587221448252695,9.77727290414746e-05,0.00057173413516849,0.0352721122711884,0.00383684185280715,0.00128509340977282,0.0504995725235581,0.000478365046041766
"bear131",130000,0.0161557287872513,0.00237697616133931,0.0821863250357723,0.0465066274854052,0.434075826430627,0.0218563096473313,0.000757753035404984,0,0.109966815432871,0.00415539600713592,0.00040470525805387,0.00165788733136647,0.0922564154019497,0.0844649949688042,0.000570463732807337,3.69853751453674e-05,0.000472527923461663,0.0414221386501903,0.00357053897413444,0.00127448766990606,0.0555351707449511,0.000295926107807466
"bear132",131000,0.0133410792618246,0.00172279882805565,0.0880276018444032,0.0537396069155812,0.45172178853601,0.0216245170308704,0.00056156930934567,0,0.0724470465467667,0.00433575188798896,0.000527094049245389,0.00146159998187208,0.0911031330565318,0.0864123475840345,0.000428699992532398,5.60306491226441e-05,0.000407864591846699,0.047116888797099,0.00353181390357082,0.00110865813677235,0.0601150341115144,0.000209075242604106
"bear133",132000,0.0109293208418972,0.00117522983094344,0.0915959491071456,0.0593202231742878,0.457430024294336,0.0208414642560574,0.000417485709836285,0,0.0452001800557195,0.00390418446387222,0.000575052780106801,0.00203843634597473,0.106127646137967,0.0843957678977026,0.000292884975756992,0.000106952675583187,0.000502623460702468,0.0494498899112538,0.00362550282877382,0.000913828886885858,0.0609976479633657,0.000159704729648761
"bear134",133000,0.00925597133349523,0.000969397224060341,0.0894117517445823,0.0616157439105571,0.450362879214541,0.0202710046617568,0.000654663186404508,0,0.0307085284009568,0.00322110081348986,0.000613212637174403,0.00507666870764587,0.135626631574801,0.0799232961178879,0.000171275062499353,0.000154190558939101,0.000634235326830084,0.0494105299015949,0.00347174328648312,0.000915160947633153,0.057334721984782,0.000197293844804629
"bear135",134000,0.00822182207686896,0.000795511974693965,0.0832002147024585,0.0600836943839547,0.434343658734747,0.0202401435015561,0.00134027701781879,0,0.0246601232680004,0.00240129182522496,0.000770757550892683,0.0100241421721161,0.171926890450749,0.0783973684187909,0.000104740800902325,0.000201119128060613,0.000768456141508764,0.0465795093421125,0.00331114402574011,0.00107867848955948,0.0512954590520222,0.000254997461074382
"bear136",135000,0.00797338897313412,0.000754381135972987,0.0743272354623239,0.0537323088640689,0.407698318207862,0.0228728206725576,0.00210992133705867,0,0.0199521150626842,0.00154146106038919,0.0010132998695927,0.0170930984443304,0.220372924412036,0.079670074988638,0.000193992931966205,0.000248233893458635,0.000825254220314518,0.0411305338576458,0.00366015351475472,0.00124710247049971,0.04328429975145,0.000299081454923878
"bear137",136000,0.00857747964349978,0.000877171861913377,0.061877234535696,0.0446456273583519,0.378506657251061,0.027595463425407,0.00288815602310596,0,0.0166911901709748,0.000921960855493797,0.00136632634996679,0.0252890024516392,0.27426689715486,0.0822089575411184,0.00046384625833461,0.000202065866167348,0.000835516941255647,0.0333993554228246,0.00419056445407085,0.00146850929632363,0.0333463325696,0.000381685170782822
"bear138",137000,0.00987988162615892,0.00094293609716083,0.049651070561409,0.0338080252191787,0.354914859595796,0.0349233274445706,0.00368208075470654,0,0.0143258672134208,0.000568597569954935,0.00185300017681452,0.034278273745519,0.313077991392022,0.0894260806701463,0.000812075426641799,0.000188811244490847,0.000724358217550212,0.0257488895501145,0.00474571286626822,0.00175377125282625,0.0242129508226587,0.000481439144816539
"bear139",138000,0.0116130454616512,0.000858791597451195,0.0412372127011641,0.0237730919361052,0.333713726105891,0.0447249423450386,0.0041514115979844,0,0.0125352396122456,0.000377703183993623,0.00235356552457333,0.0404464842582872,0.335814363845766,0.101903647339524,0.0012459455903162,0.000356480155456317,0.000554896113329159,0.018711845969441,0.00566740383985573,0.00183637794207533,0.0175134299680321,0.000610395428707164
"bear140",139000,0.0136128888719372,0.000808513381545886,0.0359506659618109,0.0155776891044178,0.308397795390481,0.0563000586785772,0.00393288596891789,0,0.0111961450127152,0.000254558345964755,0.00276184897936107,0.0454299326734347,0.355390575517211,0.112889685666167,0.00174448575616257,0.00058693948911115,0.000375561252109926,0.0130142031628208,0.00709348800318389,0.00168549850710951,0.0122954090354947,0.000701171684243495
"bear141",140000,0.0157363708852552,0.000673620065620671,0.0332683214044325,0.0100689996276275,0.293612256543005,0.0676530298398682,0.00347003733707441,0,0.010022267715746,0.00023081560054608,0.00318213957136245,0.0478913580474659,0.360596814296308,0.122766062882271,0.00217853734985649,0.000988098580014391,0.000210391843664912,0.00836431288033435,0.00797412469562183,0.00162711293288927,0.00872203235658852,0.000763295793540734
"bear142",141000,0.0168322555799118,0.000432442907587836,0.0342207919940432,0.00717312676751311,0.300515336212248,0.078004421742518,0.00264105198871717,5.62666756284506e-05,0.00928666906570924,0.000343349179173404,0.00332889339381835,0.0479364272669064,0.338304900077405,0.132971325312512,0.00283881897171443,0.00167900931796264,5.89203788094327e-05,0.00541270744779475,0.00782931550835034,0.00191889998898678,0.00741605847673979,0.000799011855361299
"bear143",142000,0.0161410910450762,0.000195653706189683,0.0377737572077424,0.00741674237476445,0.319285173923925,0.0853325474611017,0.00150502601393581,0.00019128161121236,0.00999585177610788,0.000545690550687354,0.00307470301996708,0.043501243114773,0.308495233533591,0.139543480788273,0.00356688510360359,0.00244660244634988,0,0.00356216537578455,0.00696971318250624,0.00226246578866359,0.00739456917419565,0.000800122790071763
"bear144",143000,0.013172685577625,8.09921060380395e-05,0.0404256904755483,0.0084822515621383,0.359122173154203,0.0878156112545256,0.000621291109626408,0.000473155769517914,0.0136522026211273,0.000807174020065677,0.00293386255986908,0.0394778194430608,0.266605249163378,0.140445587851988,0.00431815412501707,0.00242100625978794,0,0.00248559804558989,0.00500657506734234,0.00295010428461351,0.00778617434307429,0.000916641183850614
"bear145",144000,0.00876754825561392,0,0.0405941753330692,0.0090556422312254,0.425643930534033,0.0817783033656434,0.000573577905790847,0.000676461918109468,0.0166386385269934,0.00123251796899926,0.00294049522292288,0.0355936142118519,0.216947017130568,0.134869419115104,0.00435746466873418,0.00190824367360498,0,0.00256621129497111,0.00225019916270557,0.00346219539867687,0.0089839552875637,0.00116038874340365
"bear146",145000,0.00546223779116515,0,0.0391865374175379,0.00837914254835021,0.469011243714179,0.0770126139758583,0.000693504091925465,0.000779303563135614,0.0180637283028666,0.00153687431760144,0.00313282888823974,0.0333862560427887,0.185671595159139,0.133433898827742,0.00449538255859494,0.00137938588443577,0,0.00301377452967689,0.00101917828967513,0.0034538510016348,0.00954068692581805,0.00134797622506051
"bear147",146000,0.00356143969007969,7.80370303428016e-05,0.0385895469325443,0.00728654274263231,0.495830415559628,0.0732278446181141,0.00087806017911908,0.000848274887546992,0.0171032010777321,0.00172639559418637,0.00344631575034448,0.0321010870609416,0.171157713092918,0.130321017579828,0.00398348402687825,0.00100909325982664,0,0.00347708532850101,0.000721752651060938,0.00284082209199486,0.0104302686853483,0.00138160216413624
"bear148",147000,0.00266859817848815,0.000155540992421766,0.0377830733304393,0.00649653268104355,0.517822252939677,0.0700831830002155,0.00092151784396839,0.000845651780472104,0.0155779055825016,0.0018347942560341,0.00380399941255999,0.0320300823454555,0.160756759905748,0.12550607630242,0.00347704304391611,0.000767145358006731,0,0.00388622110248121,0.000662997228713158,0.00225752404901482,0.0112511813245554,0.00141191916135988
"bear149",148000,0.00257251591517419,0.000222165189250326,0.0378624804238842,0.00625840515457355,0.531258990642812,0.0663299494000126,0.000791753758735083,0.000722500272300952,0.0125244909894461,0.00193748154734939,0.00400226237594119,0.0327066766048149,0.160822570307064,0.117683365384264,0.00304593407179865,0.000862706696075107,0,0.00434707439985171,0.000739406253864189,0.00179702486807871,0.0122755651563586,0.00123668026943666
"bear150",149000,0.00255248601652789,0.000304208062529389,0.0416601455314545,0.00616316850477511,0.534517131686202,0.0644079718363004,0.000723978691046302,0.000654738954605628,0.0101159763185152,0.00191812951709266,0.00450752073837246,0.0334116367409487,0.159849001211187,0.113969547853678,0.00284789116593383,0.00112452320646196,0,0.00459771562041156,0.000866535285979128,0.0016849038386363,0.0131945124029711,0.000928276431340145
"bear151",150000,0.00271332651927706,0.000392847362777679,0.0474887914295347,0.00650287416846307,0.529364250117534,0.0626443082201604,0.00070321059267148,0.000592357691910515,0.00836132570392898,0.00184709287270745,0.0049513341705556,0.0355826551106236,0.165955894906605,0.106639361317737,0.00240353586689068,0.00137133277005953,0,0.00477546441913991,0.000920012620786242,0.00166650483136502,0.014503680730617,0.000619838074221864
