"","YrBP","Agave","Alnus","Amaranthaceae","Ambrosia","Anacardaceae","Arceuthobium","Artemisia","Asteraceae","Betula","Brassicaceae","Celtis","Cupressaceae","Ericaceae","Fabaceae","Fraxinus","Gentianaceae","Liliaceae","Opuntia","Picea","Pinus","Poaceae","Polemoniaceae","Polygaceae","Polygonaceae","Prosopis","Quercus","Rhamnaceae","Rosaceae","Ulmus"
"cuat1",0,0.00715618734151065,0.00397309012123029,0,0.0274095575579637,0.00396958256810846,0,0.0299948355487872,0,0,0.00463112198690399,0.00542307689569307,0.0770934251881398,0,0.0308540596480218,0.000614187105966983,0,0.00913055784842756,0.00278856066900304,0,0.553645663886747,0,0,0.0170161698336254,0.000614187105966983,0.00954670390611454,0.16531828170036,0.0115361945317717,0.0387204802388638,0.000564076277967352
"cuat2",1000,0.00590006757792903,0.0035724672111211,0,0.0265862975640169,0.00550838258970078,0,0.0362341977566885,0,0,0.00446929074406061,0.00515700745952656,0.0935208010502975,0,0.0344956399145585,0.000997339081460554,0,0.00810721407384102,0.00208116867137537,0,0.538488386864133,0,0,0.0201309225637601,0.000796040690895082,0.0090668247607551,0.15858913190848,0.00853770286443217,0.0367397364602971,0.0010213802989598
"cuat3",2000,0.00522142238495211,0.00317790532306159,0,0.0245789987892775,0.00692819455701469,0,0.0394483300294717,0,0,0.0046858676406189,0.00470955842751268,0.11269702227608,0,0.0367218521366099,0.0015128070594201,0,0.00749005651536428,0.00158180424444156,0,0.522435635318034,0,0,0.019118186841243,0.00103468779872578,0.00865744526381485,0.156687199922767,0.00644583013114896,0.0353291046296971,0.0015380909358991
"cuat4",3000,0.00490446034187872,0.00274249081374554,0,0.0230227813434007,0.00786794066749108,0,0.0423664014958383,0,0,0.00452965125288942,0.00417796782868014,0.136754527792247,0,0.0386452615341736,0.00194914687857313,0,0.00664221120090369,0.0011593701465874,0,0.506562686403282,0,0,0.0161640000945541,0.00112342703543401,0.00770952143124851,0.152755517081284,0.00466111774630202,0.0340205546277765,0.00224096452623068
"cuat5",4000,0.00471789388761788,0.00206317629367781,0,0.0218151455133642,0.00870048722359243,0,0.0476542914168852,0,0,0.00375445402555661,0.00373974139824787,0.170377344663802,0,0.0420750549507282,0.00234545405513085,0,0.00510103601913956,0.000683809236761341,0,0.48498964250505,0,0,0.0133130003341331,0.00102354826293176,0.00610238832051783,0.14331687560125,0.0026379868654651,0.0323781967551476,0.00321047284392612
"cuat6",5000,0.00346232572863715,0.00126557425107474,0,0.023042886117128,0.0110430206300626,0,0.0521674412468512,0,0,0.0029663793341881,0.00355860508861905,0.209461282977298,0,0.0477777296426578,0.0034462362804133,0,0.00325656855713101,1.00560624481484e-05,0,0.439753032423033,0,0,0.0103564715278679,0.00118219014556151,0.00446774340538502,0.144694501171732,0,0.0346256297641602,0.00346232572863715
"cuat7",6000,0.00305817377428852,0.00209844554732804,0,0.0216769566224462,0.00969776066749933,0,0.0523275417663485,0,0.000935709886162905,0.00395606204728343,0.00374143452404318,0.205455560215184,0,0.0456444190883219,0.00419328115246677,0,0.00208464227495762,0,0,0.445178107478722,0,0,0.00321622205263627,0.00178958427513605,0.00451708343848693,0.148140433870461,0,0.0392304073788027,0.00305817377428852
"cuat8",7000,0.00229891026448797,0.00362187061199635,0,0.0207291267070943,0.00704124562610373,0,0.0545717263443621,0,0.00224462388247234,0.00525405241936466,0.00433677087303359,0.179243517571501,0,0.0421345407397747,0.0045730402352583,0,0.000764804654419974,0,0,0.473003917857404,0,0,0,0.00248089324469705,0.00523538689678271,0.146211383193139,0,0.0439552781866437,0.00229891026448797
"cuat9",8000,0.00142571671698298,0.00495170003130503,0,0.0183090398796713,0.0041923724216396,0,0.0553645276605361,0,0.00330113344883584,0.00694959818753669,0.00504592221258071,0.129556938869986,0,0.0362918516572099,0.00448826198571708,0,0,0,0.000347331289864997,0.536465644918411,0,0,0,0.00343813580170221,0.00639193796067306,0.137907475118763,0,0.0444940260720994,0.00107838542711798
"cuat10",9000,0.000684149805401112,0.00600636640367134,0,0.01556722210308,0.00210635326926132,0,0.0537764930482746,0,0.00400424438390257,0.00869263857320625,0.00539051194572412,0.0825702105449651,0,0.0301178602181626,0.00434310617050569,0,0,0,0.000684149805401112,0.59770112845327,0,0,0,0.00432513821948636,0.00764523279798782,0.132776719456006,0,0.0436084746720501,0
"cuat11",10000,0.000866781411427743,0.00619969528823146,0,0.0112533245819738,0.000353835609745486,0,0.0513705631491552,0,0.00413313031063737,0.00913304203270249,0.00511785692531361,0.0538343983616126,0,0.0246108343624103,0.00343173566659416,0,0,0,0.000866781411427743,0.669235514838953,0,0,0,0.0041805718747734,0.00744692077398303,0.110798183384526,0,0.0371668300550359,0
"cuat12",11000,0.00117665429315368,0.00520588071959213,0,0.00933822252505462,0,0,0.046516154277276,0,0.00347058724588492,0.00811782878492352,0.0046472415390386,0.0422716352616897,0,0.0212137763844865,0.00262481050837582,0,0,0,0.00117665429315368,0.723905425833722,0,0,0,0.0038014648015295,0.00609539775426074,0.0908507945745084,0,0.0295874714649672,0
"cuat13",12000,0.00148267621595047,0.00393553403350328,0,0.00811941240123816,0,0,0.0409703368701384,0,0.00262368943088128,0.00673005507771304,0.00410636564683176,0.0355397723337946,0,0.0183465701936635,0.0019211079592134,0,0,0,0.00148267621595047,0.771922740618864,0,0,0,0.00340378417516387,0.00454479739009468,0.0727557585220685,0,0.0221147233950473,0
"cuat14",13000,0.00144999871719269,0.00303928756478405,0,0.00668966687533223,0,0,0.034499190066196,0,0.0020261917679402,0.00550238225307309,0.00347619048513289,0.0287231489446013,0,0.0152930486618771,0.00138828706644518,0,0,0,0.00144999871719269,0.816487379846096,0,0,0,0.00283828578363787,0.00341447883438538,0.0570252621734219,0,0.0166972027586379,0
"cuat15",14000,0.00133551315283095,0.00192939374168849,0,0.00473530165011082,0,0,0.025709506487709,0,0.00128626253133186,0.00390803821549466,0.0026217756841628,0.0196025292457183,0,0.0111976746815434,0.000710572262744308,0,0,0,0.00133551315283095,0.875147104105078,0,0,0,0.00204608541557526,0.00199683479407616,0.0365211625597421,0,0.00991673284444892,0
"cuat16",15000,0.00146136580939316,0.000275871897998709,0,0.00301468856504196,0,0,0.0161769311760813,0,0.000183914603938025,0.00182919501726921,0.00164528041333118,0.0107813037819561,0,0.00658112130551969,0,0,0,0,0.00146136580939316,0.939308543500161,0,0,0,0.00146136580939316,0.000183914603938025,0.0146236080726275,0,0.00101153031375081,0
"cuat17",16000,0.00118422195095168,0,0,0.00236844362005857,0,0,0.0118422186639824,0,0,0.00118422195095168,0.00118422195095168,0.00828955309297218,0,0.00473688752196193,0,0,0,0,0.00118422195095168,0.956183791196925,0,0,0,0.00118422195095168,0,0.0106579967130307,0,0,0
"cuat18",17000,0.000310419711630124,0,0,0.000620839349380362,0,0,0.00310419689466158,0,0,0.000310419711630124,0.000310419711630124,0.0021729378336511,0,0.00124167877264061,0,0,0,0,0.000310419711630124,0.988514471556244,0,0,0,0.000310419711630124,0,0.00279377718303146,0,0,0
"cuat19",18000,0,0,0,0,0,0,0,0,0,0,0,0,0,0,0,0,0,0,0,1,0,0,0,0,0,0,0,0,0
"cuat20",19000,0,0,0,0.0253523417371156,0,0,0.172343472396709,0,0.00511573055608489,0,0.00185554093373755,0.148269946778692,0.00326018962234734,0.0120870024634041,0,0,0,0,0,0.55909774077696,0,0,0,0,0,0.0693578449298398,0,0.00326018962234734,0
"cuat21",20000,0,0,0,0.0273085973009983,0,0,0.164014319601432,0,0.0056781983149369,0,0.00164416801958938,0.14144610983462,0.00403403029534752,0.013000565019401,0,0,0,0,0,0.573626774242607,0,0,0,0,0,0.0652132069962328,0,0.00403403029534752,0
"cuat22",21000,0,0,0,0.027852223982549,0,0,0.161699719312071,0,0.00583450329209291,0,0.00158542929546275,0.139549823939343,0.00424907399663016,0.0132544362363702,0,0,0,0,0,0.577664268317968,0,0,0,0,0,0.0640614475800939,0,0.00424907399663016,0
"cuat23",22000,0,0,0,0.0288620217265752,0.000391351695796743,0,0.156035843163441,0,0.00569632712541564,0.000195675847898372,0.0015020697430301,0.145826298831273,0.00438993323028391,0.0138731035355103,0,0,0,0,0,0.570742626508142,0,0,0,0,0,0.0680948153263705,0,0.00438993323028391,0
"cuat24",23000,0,0,0,0.0285991776844804,0.000936071297424453,0,0.149430538718499,0,0.00513574726183726,0.00474050884070209,0.00133073285578141,0.161063789311297,0.00854552324675795,0.0182148790287713,0,0,0,0,0,0.546796235802159,0,0,0,0,0,0.0709337458207974,0,0.00427305005476808,0
"cuat25",24000,0.000223666291684806,0,0,0.0272590308141598,0.00143927340226382,0,0.138547157408576,0,0.00518834379756204,0.00933286905996952,0.00097615237178929,0.167161250266271,0.0124786339373095,0.0224978293709186,0,0,0,0.00123818793012625,0.000223666291684806,0.534659325399978,0,0,0,0.000223666291684806,0,0.0742382131264693,0,0.00408906787015673,0
"cuat26",25000,0.000872844578911729,0,0,0.0264314164850786,0.00203814790486094,0,0.12462825761393,0,0.00473744573755744,0.0137987985279323,0.000652639999226119,0.175263921698331,0.0151748303757195,0.0247511453684643,0.000674979740411125,0,0,0.00223856606548972,0.0022467291982104,0.517947477152503,0,0.000230309934365175,0,0.000642534644546554,0.000815227996130592,0.0827549751912455,0,0.00345721698065296,0
"cuat27",26000,0.00136860488570222,0,0,0.0263452592536008,0.00246035974373812,0,0.111578998064118,0,0.00424719643607181,0.0170153573205913,0.000382212797634636,0.180909608030116,0.0168536953333897,0.0259961747621119,0.00183020490530095,0,0,0.00294875461051742,0.00417361331248152,0.505754651325364,0,0.000419979087349525,0,0.000948625798352693,0.00258541405786695,0.0903505143011193,0,0.00288214995036959,0
"cuat28",27000,0.00169024978017569,0,0,0.0255688553302968,0.00330141871723963,0,0.104078684653581,0,0.00420171836163829,0.0194920438316162,0.000166447745508441,0.174627176597513,0.0196339919280628,0.0256007265176228,0.00262823974742436,0,0.00034446179138199,0.00337422468293388,0.00601376584589524,0.505017950893323,0,0.00101935532324766,0,0.0011435139997831,0.00381609069226042,0.0940088479210859,0,0.00265610199360156,0
"cuat29",28000,0.00206595663562766,0,0,0.0243814644517207,0.00414471204664045,0,0.0936855113155359,0,0.00462782483139954,0.0177118075286136,5.24418171091445e-06,0.154108751142445,0.0188058192687643,0.0214769132828909,0.00366032063431662,0,0.000627473993280892,0.00383056667990823,0.00978083943048181,0.530372027219436,0,0.00170102564100295,0,0.00133750703952802,0.00491377764077352,0.0976500326651917,0,0.00261361991914127,0
"cuat30",29000,0.00217308289681258,0,0,0.024986311981641,0.00497784689983256,0,0.0857428475252063,0,0.00449036540198541,0.0152474398141969,0,0.146435255195192,0.017596974785552,0.0175587525219172,0.00489612728973807,0,0.000859933516774309,0.00283740337866284,0.0134962441745007,0.543496530117689,0,0.00226044008811745,0,0.00124869836813778,0.00580894016325798,0.099662814091556,0.000205355959215405,0.00284429462896185,0.000102677979607702
"cuat31",30000,0.00188516677963239,2.67979844251031e-05,0,0.0236252959205795,0.00569847534734311,0,0.0813243489010822,0,0.00443119633256986,0.0126498119666743,0.000181861548786074,0.140449184685181,0.0169083652987861,0.014953718370276,0.00583495214372423,0,0.00109868877505153,0.00204319476053596,0.0160652802542945,0.558514801995534,0,0.00257027910332684,0,0.00104017281905634,0.00608129169090701,0.0967842201862116,0.000628786781378837,0.00328199412966674,0.000314393390689418
"cuat32",31000,0.00160765014447181,0.00020207991242474,0,0.0214480363413793,0.00631511231340996,0,0.0773313446200602,0,0.00436151807619048,0.0101216486418172,0.000378836813793103,0.138624126647072,0.0161729278915161,0.0129876441772578,0.00716930066984127,0,0.00131336580555556,0.00130912136278051,0.0184406288101259,0.569295776986864,0,0.00282189054518336,0,0.00118108495413246,0.00554188607498632,0.0927170146049261,0.00101413805966065,0.00409812783144499,0.000507069029830323
"cuat33",32000,0.00144202969057858,0.000429576678208422,0,0.0189828391734614,0.00599703810812018,5.58472038422875e-05,0.0690757759501005,0,0.00396009066245951,0.00724141088478722,0.00065155071596113,0.144642420216352,0.0130334082352284,0.0121541222406177,0.00969511013872445,0,0.00107640116343684,0.000678707768234111,0.0220692048407796,0.576543072923266,0,0.00252152640715403,0,0.00139569228817156,0.00570048246375517,0.0884936484314755,0.00145624217301463,0.00499175203744555,0.000728121086507316
"cuat34",33000,0.00117225315258777,0.000673482906598312,0,0.0174118403367991,0.00516265053803174,0.000170991851156361,0.0656590748429193,0,0.00315588827130555,0.00594998640093891,0.00110457325477377,0.165934674359696,0.0100090653841191,0.0132046689754039,0.0128012969851099,0,0.000833290903631808,2.23631403473402e-05,0.0238474682654877,0.55995128830555,0,0.00191817740540307,0,0.00163613433437977,0.00682645465752715,0.083558407812851,0.00193673237233951,0.00624069976334207,0.000968366186169753
"cuat35",34000,0.000864171537207534,0.000916939125798913,0,0.0145574572553425,0.00378658994230932,0.000278008166905989,0.0675253050784695,0,0.00246766396590365,0.00475842392471211,0.00151791435028296,0.180220433194217,0.00669026537156854,0.0138446319144635,0.0151066135394318,0,0.000543889080299575,0,0.025228704522454,0.552981269456683,0,0.00120790527614945,0,0.00190736830250303,0.00782376404530225,0.0754237484962975,0.0019315757327477,0.00719128648404989,0.000965787866373849
"cuat36",35000,0.000677593909233704,0.00119937080475149,0,0.013312475276955,0.00253485613356894,0.000387384271962302,0.0683013610462246,0,0.00207693860307977,0.00412206647383036,0.00159226746401324,0.192992575401857,0.00384928943644115,0.0144976091663581,0.0183440083273028,0,0.000272128449035117,0,0.0264902918835689,0.540222578589448,0,0.000672135184169191,0,0.00213889823852799,0.00931614544533266,0.0720233116787277,0.00150088172613037,0.00813677416680691,0.000750440863065186
"cuat37",36000,0.000504476319933148,0.00125135073062345,0,0.011911996465634,0.0013930449122273,0.000529681322231175,0.070233248381771,0,0.00185535560769391,0.00362334365729549,0.00171146690622855,0.202214880457725,0.00112486814659623,0.014664568328976,0.0205625298858447,0.000102509404572179,2.5826980929358e-06,5.12547011072313e-05,0.0285580914803772,0.531960527221685,0,0.000162486781448653,0,0.00179831080072821,0.0107434806881249,0.0686277769184946,0.00114647969976423,0.00872373410317247,0.000573239849882114
"cuat38",37000,0.000297545422510022,0.00117157107403639,0,0.0106963426729263,0.000898210576503238,0.000545329631082331,0.0763788977944496,0,0.0023245019582177,0.00336613741649707,0.00166280368482886,0.216316175578323,4.90124488436633e-05,0.0135056068080789,0.0206547268967314,0.00144659400613629,5.85086613320999e-05,0.000723296986432316,0.0282495651216466,0.51796422678045,0,0,0,0.00136466234967623,0.0112463890777983,0.0663433126348751,0.000719110555041628,0.00838958123296331,0.000359555277520814
"cuat39",38000,0.000140673807049004,0.00111046561673894,0,0.00861756652587134,0.000623613513938248,0.000448242050666754,0.0797895120826514,0,0.00293876319888494,0.00346019015431515,0.00128614952303479,0.220901494515275,0,0.011901746997033,0.0194911285037006,0.00294712610019236,0.000619199011672264,0.00147356301620423,0.0273732497092367,0.521548127518601,0,0,0,0.000921261126145219,0.0100093900247465,0.0646358760373969,0.000268214772912523,0.00711715596155978,0.000134107386456262
"cuat40",39000,2.18881285708793e-05,0.00106725664458457,0,0.00705165694321197,0.000497443779499404,0.0024561033290784,0.0783714833474182,0,0.0040639435276635,0.0038921959076089,0.00133421390791649,0.230295596152332,0,0.0119470016013688,0.0195209582972048,0.00514704777650044,0.00138742242635242,0.00257352382905917,0.0239573324436926,0.512580559171018,0,0,0,0.000471221500249914,0.00897059950720904,0.0686446977210581,0,0.00607929156657311,0
"cuat41",40000,0,0.000746609665020428,0,0.00468212169945674,0.000395356901225699,0.00791194960202936,0.0767928329896736,0,0.00518561398154716,0.00511123112203116,0.00218872930036367,0.234202021246083,0,0.0123331726525389,0.0161408473495263,0.00796245798136757,0.00238762119548332,0.00398122889911552,0.0189746113622772,0.51346644605042,0,0,0,0,0.00646817817909577,0.0708300905267813,0,0.0042069727262156,0
"cuat42",41000,0,0.000515987070986787,0,0.00269617770649424,0.000218983846921563,0.0135209875122294,0.0802611996095961,0,0.00571007734378221,0.0101298533305688,0.00299578964984537,0.231266947568597,0,0.0124964768761128,0.0121935558999157,0.0100251392737794,0.00329273282199419,0.0050125695216006,0.0131797520010777,0.514744420963312,0,0,0,0,0.00383165319946584,0.0733244774541749,0,0.00214272746373348,0
"cuat43",42000,0,0.000353941057112289,0,0.00117213943366619,2.7579084012635e-05,0.0205271539407989,0.0850912183786428,0,0.00469667229463012,0.0163412134297432,0.00413300987217241,0.19664076140539,0,0.0140499282926432,0.00958002072692072,0.0086854626748013,0.00425782805751987,0.00434273123751783,0.0100263946447422,0.543393937239301,0,0,0,0,0.00158123865880375,0.0741150966428062,0,0.000790619285867129,0
"cuat44",43000,0,0.00016192561767515,0,0.000485776813191752,0,0.0291693942103489,0.0951774111359065,0,0.00372954170453396,0.0227152151771448,0.00583387884206978,0.16882298908905,0,0.0160504245575594,0.00826276290802854,0.00713523233782797,0.00373496444255295,0.00367998194999719,0.00912803358801056,0.550854210675656,0,0,0,0,0.000647702430866903,0.0739743374396876,0,0.000436217058654981,0
"cuat45",44000,0,0,0,0,0,0.0290377523375551,0.117990459078469,0,0.0022996073089207,0.0269600849046806,0.00580755046751101,0.144102906608315,0,0.0143345180667952,0.00580755046751101,0.00459921472362335,0.00271941713177313,0.00852819271629956,0.0117096397210903,0.53672993051641,0,0,0,0,0,0.0831445905036894,0,0.00622858540737885,0
"cuat46",45000,0,0,0,0,0,0.0221755779267372,0.142196369797853,0,0.00108015422583082,0.029102745649385,0.00443511558534743,0.13141487951462,0.00204729810854553,0.010612278975669,0.00443511558534743,0.00216030850134873,0.0017420478049741,0.0131767350414329,0.0146455862286901,0.502314178156776,0,0,0,0.00204729810854553,0,0.102270431805945,0,0.0141438789241476,0
"cuat47",46000,0,0,0,0,0,0.0179900788800732,0.16051727038578,0,0,0.0254556800950259,0.00359801577601465,0.117954248415197,0.00544588152212389,0.00812350064650595,0.00359801577601465,0,0.000927469094476655,0.0204658732375954,0.0157425190518767,0.454791297860238,0,0,0,0.00544588152212389,0,0.134032512858895,0,0.0259117547597193,0
"cuat48",47000,0,0,0,0.00104429606596445,0,0.0117503865997367,0.166269012808492,0,0,0.0200502309096774,0.00235007731994733,0.127434055767281,0.00925035021329822,0.00470015463989467,0.00287222533008558,0,0,0.0299128289843318,0.0141527651683344,0.385281850717248,0,0,0,0.00925035021329822,0.0015664440761027,0.173907495630546,0,0.0402074752635945,0
"cuat49",48000,0,0,0,0.00290913302256487,0,0.00389929186724332,0.159848036289896,0,0,0.0134495784203335,0.000779858373448665,0.139371300056976,0.0120217419292967,0.0020418721938072,0.00223442480656889,0,0,0.035910464728344,0.0114617193498182,0.34642032079723,0,0,0,0.0120217419292967,0.00364046631039238,0.202184398874264,0.000482155446909866,0.0513234950769713,0
"cuat50",49000,0,0,0,0.00511607991711525,0,0,0.140943823106492,0,0,0.00814240087671055,0,0.153365446535378,0.0157647656618458,0.00112249127699591,0.00255803981282833,0,0,0.0306915503129905,0.00983861317251443,0.349353284766457,0,0,0,0.0157647656618458,0.00599038287281925,0.207530977052338,0.00112249127699591,0.0526948870522083,0
"cuat51",50000,0,0,0,0.00759962903446393,0,0,0.120981519253327,0,0,0.00379981429563912,0,0.154614323772675,0.0149089972879274,0.00183737650992971,0.00379981429563912,0,0,0.0254931054579949,0.00822649849907869,0.394109307480516,0,0,0,0.0149089972879274,0.00864337866075206,0.189400752820992,0.00183737650992971,0.0498391080992288,0
"cuat52",51000,0,0,0,0.00894854054887078,0,0,0.110357913494307,0,0,0.00553988686953276,0,0.160293893771605,0.0104012621327692,0.00227328208797362,0.00447427001020345,0,0,0.0170390054299757,0.0078118993866733,0.467727850425994,0,0,0,0.0104012621327692,0.0100128875453245,0.143782673355379,0.00227328208797362,0.038662089963168,0
"cuat53",52000,0,0,0,0.0086650707676356,0,0,0.111798838811028,0,0,0.00663425856194186,0,0.171271733655559,0.00694620528978124,0.00276618807311957,0.00433253511093797,0,0,0.00948891445777645,0.00728197658723404,0.51986177284561,0,0,0,0.00694620528978124,0.00884832391273599,0.104525409579922,0.00276618807311957,0.0278663783006293,0
"cuat54",53000,0,0,0,0.00767730462543866,0,0,0.115715682828445,0,0,0.00779024127034364,0,0.177777905849235,0.0042783145242667,0.00267394669933126,0.00383865206422565,0,0,0.00250167885360524,0.0063403311367278,0.57135192807568,0,0,0,0.0042783145242667,0.00750503677971264,0.0684654710213203,0.00267394669933126,0.0171312444245514,0
"cuat55",54000,0,0,0,0.0059191522199532,0,0,0.12763877109537,0,0,0.00870001750733886,0,0.178784773384457,0.000945425318017443,0.00218175083315607,0.00295957591476991,0,0,0.00186870061164291,0.00482827668992413,0.602109529442459,0,0,0,0.000945425318017443,0.00560610199844005,0.044415719480607,0.00218175083315607,0.0109150287558675,0
"cuat56",55000,0,0,0,0.00391926200691563,0,0,0.133604434480559,0,0,0.00981532810096819,0,0.195729097720993,0,0.00162546849546642,0.00195963086875672,0,0,0.00114689670554787,0.00310652767465806,0.602741431866836,0,0,0,0,0.00344069021699708,0.0345941357580298,0.00162546849546642,0.00669162703888121,0
"cuat57",56000,0,0,0,0.00178130985755479,0,0,0.128850400441176,0,0,0.00946959759188773,0,0.204937801394752,0,0.00110904094579008,0.000890654856401384,0,0,0.000336134441176471,0.00122678932698962,0.617435479639081,0,0,0,0,0.00100840335294118,0.0286188616152441,0.00110904094579008,0.00322648512918108,0
"cuat58",57000,0,0,0,0.00021547081232493,0,0,0.111867182393725,0,0.00306317566128852,0.00925598705008403,0,0.184301001880896,0,0.00021547081232493,0.000107735394957983,0,0,0.00459476353826331,0.0024051171177591,0.659623896793053,0,0,0,0,0,0.0221721979884594,0.00021547081232493,0.00196252947921569,0
"cuat59",58000,0,0,0,0,0,0,0.0923453360351494,0,0.00663408323561072,0.00844688884248682,0,0.154173620912456,0,0,0,0,0,0.00995112495375659,0.00497556237653779,0.699228991045475,0,0,0,0,0,0.0209273508399605,0,0.00331704171814587,0
"cuat60",59000,0,0,0,0,0,0,0.0798107420095012,0,0.00924926215132621,0.00714101405601742,0,0.122441295307502,0,0,0,0,0,0.0138738933668844,0.00693694654354711,0.734099339714766,0,0,0,0,0,0.0218228757964173,0,0.00462463121555819,0
"cuat61",60000,0,0,0,0,0,0,0.0771369163610962,0,0.0113301447050869,0.00603664123428264,0,0.089154312268225,0,0,0,0,0,0.0169952172289987,0.00849760844313093,0.763425707473939,0,0,0,0,0,0.0217583800866022,0,0.00566507252391187,0
"cuat62",61000,0,0,0,0,0,0,0.0889503786073989,0,0.0131474208434539,0.00657371062058169,0,0.0696227892002966,0,0,0,0,0,0.0197211314640356,0.0110003309840982,0.75945775615943,0,0,0,0,0,0.0249527718978331,0,0.00657371062058169,0
"cuat63",62000,0,0,0,0,0,0,0.0928247409150044,0,0.0110510624227349,0.00552553137851478,0,0.0705654523688216,0,0,0,0,0,0.0165765938012497,0.016072216166146,0.743189598337659,0,0,0,0,0,0.0386692735656493,0,0.00552553137851478,0
"cuat64",63000,0,0,0,0,0,0,0.161594271848275,0,0.00826316064463526,0.00413158044729794,0,0.0693781536883567,0,0,0,0,0,0.0123947410919332,0.0204166865764928,0.670333729482354,0,0,0,0,0,0.0493560960233181,0,0.00413158044729794,0
"cuat65",64000,0,0,0,0.00130818821165439,0,0,0.233734857069826,0,0.0060142925504856,0.00300714636620898,0,0.0721763248425988,0,0,0,0,0,0.00902143891669457,0.0265999132955459,0.584793785000754,0,0,0,0,0,0.0603369075619558,0,0.00300714636620898,0
"cuat66",65000,0,0,0,0.00641420361247947,0,0,0.294162472263957,0,0.00318365018251232,0.00159182513940887,6.8418171592775e-06,0.0800338066436782,0,6.8418171592775e-06,0,0,0,0.00477547532192118,0.0308941688069787,0.510133489932841,0,0,0,0,0,0.0672053994187192,0,0.00159182513940887,0
"cuat67",66000,0,0,0,0.0101548960138648,0,0,0.322758426572429,0,0.000412984418183131,0.000206492215337955,0.00602373384842577,0.0833778287461005,0,0.00602373384842577,0,0,0,0.000619476633521086,0.0324112450543761,0.474736653655835,0,0,0,0,0,0.0630680367183709,0,0.000206492215337955,0
"cuat68",67000,0,0,0,0.0138415672913118,0,0,0.370578194162385,0,0,0,0.01136286196477,0.0729192505129813,0,0.01136286196477,0,0,0,0,0.0274531515767632,0.447245996460307,0,0,0,0,0,0.0452361159303577,0,0,0
"cuat69",68000,0,0,0,0.0188172995182771,0,0,0.322096084750142,0,0,0,0.0177163029422641,0.0710954473135449,0,0.0177163029422641,0,0,0,0,0.0255885756155426,0.493509138428379,0,0,0,0,0,0.0334608482769906,0,0,0
"cuat70",69000,0,0,0,0.02180339306698,0,0,0.268896273893434,0,0,0,0.0244871228946093,0.0660558656931551,0,0.0244871228946093,0,0,0,0,0.0234681013064777,0.548353040397694,0,0,0,0,0,0.0224490795591951,0,0,0
"cuat71",70000,0,0,0,0.0187785433859466,0,0,0.234730599922202,0,0,0,0.0333774001816361,0.0486940149249259,0,0.0333774001816361,0,0,0,0,0.0520281305182277,0.54802967161197,0,0,0,0,0,0.0309842389423924,0,0,0
"cuat72",71000,0,0,0,0.0178164196123147,0,0,0.214528202615217,0,0,0,0.0345444178155903,0.0356328392246294,0,0.0345444178155903,0,0,0,0,0.100214352573443,0.507424587816627,0,0,0,0,0,0.0552947623055872,0,0,0
"cuat73",72000,0,0,0,0.012660608866767,0,0,0.171313806973608,0,0,0,0.0289288882587105,0.0409795956606089,0,0.0341483475294594,0.00521945927074893,0,0.00521945927074893,0,0.156693207694872,0.418700694780762,0,0,0,0,0,0.12091647217803,0,0,0.00521945927074893
"cuat74",73000,0,0,0,0.00511066288704754,0,0,0.223461426543502,0,0,0,0.0181621601250545,0.039837152519843,0,0.0280341023012429,0.0098719421761884,0,0.0098719421761884,0,0.18977075700785,0.296188415983319,0,0,0,0,0,0.169819495872874,0,0,0.0098719421761884
"cuat75",74000,0,0.000572757412126954,0,0,0,0,0.267479457352913,0,0,0,0.0078872571925154,0.0386546659319754,0,0.021344903154145,0.0128848885495026,0,0.0128848885495026,0,0.20270706341819,0.2265295064036,0,0,0,0,0,0.196169723272951,0,0,0.0128848885495026
"cuat76",75000,0,0.00418597085954645,0,0,0,0,0.262314157828904,0,0,0,0,0.0452299653730797,0,0.0194265510380395,0.0147488046525238,0,0.0147488046525238,0,0.154310897653011,0.297118354374868,0,0,0,0,0,0.17267591294481,0,0.000491775525969276,0.0147488046525238
"cuat77",76000,0,0.00610083969827586,0,0,0,0,0.236529340063239,0,0,0.00164722989655172,0,0.0458379212325069,0,0.021551256193116,0.014278195862069,0,0.014278195862069,0,0.101380512259313,0.400288450847848,0,0,0,0,0.00329445983016612,0.139363181064435,0,0.00117222063277121,0.014278195862069
"cuat78",77000,0,0.00795226097191199,0,0,0,0,0.214068193972135,0,0,0.003943612995086,0,0.0355823898482801,0,0.0198681288888206,0.0101732084185839,0,0.0101732084185839,0,0.0739217795300983,0.498118926445499,0,0,0,0,0.00788722607890328,0.106395195784454,0,0.00174265949832477,0.0101732084185839
"cuat79",78000,0,0.0099246465468329,0,0,0,0,0.186368985526388,0,0,0.00607885601542607,0,0.0287273924878758,0,0.0194609893888214,0.00722316400021132,0,0.00722316400021132,0,0.0550304519497068,0.573874910296318,0,0,0,0,0.0121577121676264,0.084393383973744,0,0.00231317884177717,0.00722316400021132
"cuat80",79000,0,0.0109102564735908,0.00612309403067515,0,0,0,0.145573537751492,0.00162644684716674,0,0.0083449697365488,0,0.022401347537259,0,0.0181912894003551,0.00450129340434976,0,0.00450129340434976,0,0.0377387903905903,0.637935769252799,0.0117678213487202,0,0,0,0.0166899396803768,0.0664131168682251,0,0.00277973952241456,0.00450129340434976
"cuat81",80000,0,0.00862984708930676,0.0188334857103299,0,0,0,0.122443990472751,0.00489488097702278,0,0.0112653762445012,0,0.0168362802369894,0,0.0136701528171151,0.00224951793794187,0,0.00224951793794187,0,0.0322526231818048,0.642899152604232,0.0328389671618225,0,0,0,0.0225307527935487,0.0633651481160153,0,0.00279078778986646,0.00224951793794187
"cuat82",81000,0,0.00679094218421053,0.0465609398096926,0,0,0,0.0955314338674831,0.0116384307316311,0,0.01236789266889,0,0.00961725676826472,0,0.00911651727873893,1.89492631578947e-05,0,1.89492631578947e-05,0,0.0294305162046378,0.629892707047577,0.0667673735879104,0,0,0,0.0247357857038562,0.0551867295880667,0,0.00230662583137051,1.89492631578947e-05
"cuat83",82000,0,0.00466745327879221,0.0771866919452205,0,0,0,0.070127013295182,0.0190839311263887,0,0.0114780114572654,0,0.0080765786104389,0,0.00641014020564294,0,0,0,0,0.0259939381238038,0.595844010163183,0.104150682826532,0,0,0,0.022956023300902,0.0522828378054669,0,0.00174268692685073,0
"cuat84",83000,0,0.0022586594747249,0.109657979765475,0,0,0,0.0519848872962517,0.0269730963858322,0,0.0103190364692801,0,0.0063177703057657,0,0.00335373728903026,0,0,0,0,0.0212067755447616,0.554791229011749,0.143630761757909,0,0,0,0.0206380733411852,0.0477729146444865,0,0.00109507781430536,0
"cuat85",84000,0,0,0.151529330009615,0,0,0,0.0423048120476555,0.0368083474047237,0,0.00919669815731903,0,0.00458835693409043,0,0.000454838828398244,0,0,0,0,0.0153125804924406,0.494963782376089,0.184020004192573,0,0,0,0.0183933967185257,0.0419730132878841,0,0.000454838828398244,0
"cuat86",85000,0,0,0.188965237572151,0,0,0,0.0287983508392951,0.045237638654685,0,0.00626051096248473,0,0.00250420434025476,0,0,0,0,0,0,0.0146016191122841,0.460190887792968,0.208789478001047,0,0,0,0.012521022256238,0.032131050013174,0,0,0
"cuat87",86000,0,0,0.205690666383306,0,0,0,0.0215364805410508,0.0490462382635697,0,0.00468184351856912,0,0.00187273734815551,0,0,0,0,0,0,0.0146925879101975,0.444131151519439,0.221182856893305,0,0,0,0.00936368733349894,0.0278017499400075,0,0,0
"cuat88",87000,0,0,0.226907851326866,0,0,0,0.0199406808228074,0.0536980230172243,0,0.00433493054207088,0,0.00173397216194813,0,0,0,0,0,0,0.0137034829271431,0.413860987108097,0.231308921965551,0,0,0,0.00866986135854286,0.0258412886095823,0,0,0
"cuat89",88000,0,0,0.289185254114545,0,0,0,0.0127502512890909,0.0670846201181818,0,0.00277179371272727,0,0.00110871745,0,0,0,0,0,0,0.0115321042709091,0.338030750214545,0.252699794930909,0,0,0,0.00554358760090909,0.0192931267718182,0,0,0
"cuat90",89000,0,0,0.307692308,0,0,0,0,0.06993007,0,0,0,0,0,0,0,0,0,0,0.013986014,0.370629371,0.223776224,0,0,0,0,0.013986014,0,0,0
"cuat91",90000,NA,NA,NA,NA,NA,NA,NA,NA,NA,NA,NA,NA,NA,NA,NA,NA,NA,NA,NA,NA,NA,NA,NA,NA,NA,NA,NA,NA,NA
"cuat92",91000,NA,NA,NA,NA,NA,NA,NA,NA,NA,NA,NA,NA,NA,NA,NA,NA,NA,NA,NA,NA,NA,NA,NA,NA,NA,NA,NA,NA,NA
"cuat93",92000,NA,NA,NA,NA,NA,NA,NA,NA,NA,NA,NA,NA,NA,NA,NA,NA,NA,NA,NA,NA,NA,NA,NA,NA,NA,NA,NA,NA,NA
"cuat94",93000,NA,NA,NA,NA,NA,NA,NA,NA,NA,NA,NA,NA,NA,NA,NA,NA,NA,NA,NA,NA,NA,NA,NA,NA,NA,NA,NA,NA,NA
"cuat95",94000,NA,NA,NA,NA,NA,NA,NA,NA,NA,NA,NA,NA,NA,NA,NA,NA,NA,NA,NA,NA,NA,NA,NA,NA,NA,NA,NA,NA,NA
"cuat96",95000,NA,NA,NA,NA,NA,NA,NA,NA,NA,NA,NA,NA,NA,NA,NA,NA,NA,NA,NA,NA,NA,NA,NA,NA,NA,NA,NA,NA,NA
"cuat97",96000,NA,NA,NA,NA,NA,NA,NA,NA,NA,NA,NA,NA,NA,NA,NA,NA,NA,NA,NA,NA,NA,NA,NA,NA,NA,NA,NA,NA,NA
"cuat98",97000,NA,NA,NA,NA,NA,NA,NA,NA,NA,NA,NA,NA,NA,NA,NA,NA,NA,NA,NA,NA,NA,NA,NA,NA,NA,NA,NA,NA,NA
"cuat99",98000,NA,NA,NA,NA,NA,NA,NA,NA,NA,NA,NA,NA,NA,NA,NA,NA,NA,NA,NA,NA,NA,NA,NA,NA,NA,NA,NA,NA,NA
"cuat100",99000,NA,NA,NA,NA,NA,NA,NA,NA,NA,NA,NA,NA,NA,NA,NA,NA,NA,NA,NA,NA,NA,NA,NA,NA,NA,NA,NA,NA,NA
"cuat101",1e+05,NA,NA,NA,NA,NA,NA,NA,NA,NA,NA,NA,NA,NA,NA,NA,NA,NA,NA,NA,NA,NA,NA,NA,NA,NA,NA,NA,NA,NA
"cuat102",101000,NA,NA,NA,NA,NA,NA,NA,NA,NA,NA,NA,NA,NA,NA,NA,NA,NA,NA,NA,NA,NA,NA,NA,NA,NA,NA,NA,NA,NA
"cuat103",102000,NA,NA,NA,NA,NA,NA,NA,NA,NA,NA,NA,NA,NA,NA,NA,NA,NA,NA,NA,NA,NA,NA,NA,NA,NA,NA,NA,NA,NA
"cuat104",103000,NA,NA,NA,NA,NA,NA,NA,NA,NA,NA,NA,NA,NA,NA,NA,NA,NA,NA,NA,NA,NA,NA,NA,NA,NA,NA,NA,NA,NA
"cuat105",104000,NA,NA,NA,NA,NA,NA,NA,NA,NA,NA,NA,NA,NA,NA,NA,NA,NA,NA,NA,NA,NA,NA,NA,NA,NA,NA,NA,NA,NA
"cuat106",105000,NA,NA,NA,NA,NA,NA,NA,NA,NA,NA,NA,NA,NA,NA,NA,NA,NA,NA,NA,NA,NA,NA,NA,NA,NA,NA,NA,NA,NA
"cuat107",106000,NA,NA,NA,NA,NA,NA,NA,NA,NA,NA,NA,NA,NA,NA,NA,NA,NA,NA,NA,NA,NA,NA,NA,NA,NA,NA,NA,NA,NA
"cuat108",107000,NA,NA,NA,NA,NA,NA,NA,NA,NA,NA,NA,NA,NA,NA,NA,NA,NA,NA,NA,NA,NA,NA,NA,NA,NA,NA,NA,NA,NA
"cuat109",108000,NA,NA,NA,NA,NA,NA,NA,NA,NA,NA,NA,NA,NA,NA,NA,NA,NA,NA,NA,NA,NA,NA,NA,NA,NA,NA,NA,NA,NA
"cuat110",109000,NA,NA,NA,NA,NA,NA,NA,NA,NA,NA,NA,NA,NA,NA,NA,NA,NA,NA,NA,NA,NA,NA,NA,NA,NA,NA,NA,NA,NA
"cuat111",110000,NA,NA,NA,NA,NA,NA,NA,NA,NA,NA,NA,NA,NA,NA,NA,NA,NA,NA,NA,NA,NA,NA,NA,NA,NA,NA,NA,NA,NA
"cuat112",111000,NA,NA,NA,NA,NA,NA,NA,NA,NA,NA,NA,NA,NA,NA,NA,NA,NA,NA,NA,NA,NA,NA,NA,NA,NA,NA,NA,NA,NA
"cuat113",112000,NA,NA,NA,NA,NA,NA,NA,NA,NA,NA,NA,NA,NA,NA,NA,NA,NA,NA,NA,NA,NA,NA,NA,NA,NA,NA,NA,NA,NA
"cuat114",113000,NA,NA,NA,NA,NA,NA,NA,NA,NA,NA,NA,NA,NA,NA,NA,NA,NA,NA,NA,NA,NA,NA,NA,NA,NA,NA,NA,NA,NA
"cuat115",114000,NA,NA,NA,NA,NA,NA,NA,NA,NA,NA,NA,NA,NA,NA,NA,NA,NA,NA,NA,NA,NA,NA,NA,NA,NA,NA,NA,NA,NA
"cuat116",115000,NA,NA,NA,NA,NA,NA,NA,NA,NA,NA,NA,NA,NA,NA,NA,NA,NA,NA,NA,NA,NA,NA,NA,NA,NA,NA,NA,NA,NA
"cuat117",116000,NA,NA,NA,NA,NA,NA,NA,NA,NA,NA,NA,NA,NA,NA,NA,NA,NA,NA,NA,NA,NA,NA,NA,NA,NA,NA,NA,NA,NA
"cuat118",117000,NA,NA,NA,NA,NA,NA,NA,NA,NA,NA,NA,NA,NA,NA,NA,NA,NA,NA,NA,NA,NA,NA,NA,NA,NA,NA,NA,NA,NA
"cuat119",118000,NA,NA,NA,NA,NA,NA,NA,NA,NA,NA,NA,NA,NA,NA,NA,NA,NA,NA,NA,NA,NA,NA,NA,NA,NA,NA,NA,NA,NA
"cuat120",119000,NA,NA,NA,NA,NA,NA,NA,NA,NA,NA,NA,NA,NA,NA,NA,NA,NA,NA,NA,NA,NA,NA,NA,NA,NA,NA,NA,NA,NA
"cuat121",120000,NA,NA,NA,NA,NA,NA,NA,NA,NA,NA,NA,NA,NA,NA,NA,NA,NA,NA,NA,NA,NA,NA,NA,NA,NA,NA,NA,NA,NA
"cuat122",121000,NA,NA,NA,NA,NA,NA,NA,NA,NA,NA,NA,NA,NA,NA,NA,NA,NA,NA,NA,NA,NA,NA,NA,NA,NA,NA,NA,NA,NA
"cuat123",122000,NA,NA,NA,NA,NA,NA,NA,NA,NA,NA,NA,NA,NA,NA,NA,NA,NA,NA,NA,NA,NA,NA,NA,NA,NA,NA,NA,NA,NA
"cuat124",123000,NA,NA,NA,NA,NA,NA,NA,NA,NA,NA,NA,NA,NA,NA,NA,NA,NA,NA,NA,NA,NA,NA,NA,NA,NA,NA,NA,NA,NA
"cuat125",124000,NA,NA,NA,NA,NA,NA,NA,NA,NA,NA,NA,NA,NA,NA,NA,NA,NA,NA,NA,NA,NA,NA,NA,NA,NA,NA,NA,NA,NA
"cuat126",125000,NA,NA,NA,NA,NA,NA,NA,NA,NA,NA,NA,NA,NA,NA,NA,NA,NA,NA,NA,NA,NA,NA,NA,NA,NA,NA,NA,NA,NA
"cuat127",126000,NA,NA,NA,NA,NA,NA,NA,NA,NA,NA,NA,NA,NA,NA,NA,NA,NA,NA,NA,NA,NA,NA,NA,NA,NA,NA,NA,NA,NA
"cuat128",127000,NA,NA,NA,NA,NA,NA,NA,NA,NA,NA,NA,NA,NA,NA,NA,NA,NA,NA,NA,NA,NA,NA,NA,NA,NA,NA,NA,NA,NA
"cuat129",128000,NA,NA,NA,NA,NA,NA,NA,NA,NA,NA,NA,NA,NA,NA,NA,NA,NA,NA,NA,NA,NA,NA,NA,NA,NA,NA,NA,NA,NA
"cuat130",129000,NA,NA,NA,NA,NA,NA,NA,NA,NA,NA,NA,NA,NA,NA,NA,NA,NA,NA,NA,NA,NA,NA,NA,NA,NA,NA,NA,NA,NA
"cuat131",130000,NA,NA,NA,NA,NA,NA,NA,NA,NA,NA,NA,NA,NA,NA,NA,NA,NA,NA,NA,NA,NA,NA,NA,NA,NA,NA,NA,NA,NA
"cuat132",131000,NA,NA,NA,NA,NA,NA,NA,NA,NA,NA,NA,NA,NA,NA,NA,NA,NA,NA,NA,NA,NA,NA,NA,NA,NA,NA,NA,NA,NA
"cuat133",132000,NA,NA,NA,NA,NA,NA,NA,NA,NA,NA,NA,NA,NA,NA,NA,NA,NA,NA,NA,NA,NA,NA,NA,NA,NA,NA,NA,NA,NA
"cuat134",133000,NA,NA,NA,NA,NA,NA,NA,NA,NA,NA,NA,NA,NA,NA,NA,NA,NA,NA,NA,NA,NA,NA,NA,NA,NA,NA,NA,NA,NA
"cuat135",134000,NA,NA,NA,NA,NA,NA,NA,NA,NA,NA,NA,NA,NA,NA,NA,NA,NA,NA,NA,NA,NA,NA,NA,NA,NA,NA,NA,NA,NA
"cuat136",135000,NA,NA,NA,NA,NA,NA,NA,NA,NA,NA,NA,NA,NA,NA,NA,NA,NA,NA,NA,NA,NA,NA,NA,NA,NA,NA,NA,NA,NA
"cuat137",136000,NA,NA,NA,NA,NA,NA,NA,NA,NA,NA,NA,NA,NA,NA,NA,NA,NA,NA,NA,NA,NA,NA,NA,NA,NA,NA,NA,NA,NA
"cuat138",137000,NA,NA,NA,NA,NA,NA,NA,NA,NA,NA,NA,NA,NA,NA,NA,NA,NA,NA,NA,NA,NA,NA,NA,NA,NA,NA,NA,NA,NA
"cuat139",138000,NA,NA,NA,NA,NA,NA,NA,NA,NA,NA,NA,NA,NA,NA,NA,NA,NA,NA,NA,NA,NA,NA,NA,NA,NA,NA,NA,NA,NA
"cuat140",139000,NA,NA,NA,NA,NA,NA,NA,NA,NA,NA,NA,NA,NA,NA,NA,NA,NA,NA,NA,NA,NA,NA,NA,NA,NA,NA,NA,NA,NA
"cuat141",140000,NA,NA,NA,NA,NA,NA,NA,NA,NA,NA,NA,NA,NA,NA,NA,NA,NA,NA,NA,NA,NA,NA,NA,NA,NA,NA,NA,NA,NA
"cuat142",141000,NA,NA,NA,NA,NA,NA,NA,NA,NA,NA,NA,NA,NA,NA,NA,NA,NA,NA,NA,NA,NA,NA,NA,NA,NA,NA,NA,NA,NA
"cuat143",142000,NA,NA,NA,NA,NA,NA,NA,NA,NA,NA,NA,NA,NA,NA,NA,NA,NA,NA,NA,NA,NA,NA,NA,NA,NA,NA,NA,NA,NA
"cuat144",143000,NA,NA,NA,NA,NA,NA,NA,NA,NA,NA,NA,NA,NA,NA,NA,NA,NA,NA,NA,NA,NA,NA,NA,NA,NA,NA,NA,NA,NA
"cuat145",144000,NA,NA,NA,NA,NA,NA,NA,NA,NA,NA,NA,NA,NA,NA,NA,NA,NA,NA,NA,NA,NA,NA,NA,NA,NA,NA,NA,NA,NA
"cuat146",145000,NA,NA,NA,NA,NA,NA,NA,NA,NA,NA,NA,NA,NA,NA,NA,NA,NA,NA,NA,NA,NA,NA,NA,NA,NA,NA,NA,NA,NA
"cuat147",146000,NA,NA,NA,NA,NA,NA,NA,NA,NA,NA,NA,NA,NA,NA,NA,NA,NA,NA,NA,NA,NA,NA,NA,NA,NA,NA,NA,NA,NA
"cuat148",147000,NA,NA,NA,NA,NA,NA,NA,NA,NA,NA,NA,NA,NA,NA,NA,NA,NA,NA,NA,NA,NA,NA,NA,NA,NA,NA,NA,NA,NA
"cuat149",148000,NA,NA,NA,NA,NA,NA,NA,NA,NA,NA,NA,NA,NA,NA,NA,NA,NA,NA,NA,NA,NA,NA,NA,NA,NA,NA,NA,NA,NA
"cuat150",149000,NA,NA,NA,NA,NA,NA,NA,NA,NA,NA,NA,NA,NA,NA,NA,NA,NA,NA,NA,NA,NA,NA,NA,NA,NA,NA,NA,NA,NA
"cuat151",150000,NA,NA,NA,NA,NA,NA,NA,NA,NA,NA,NA,NA,NA,NA,NA,NA,NA,NA,NA,NA,NA,NA,NA,NA,NA,NA,NA,NA,NA
