"","YrBP","Abies","Amaranthaceae","Apiaceae","Arceuthobium","Artemisia","Asteraceae","Brassicaceae","Caryophyllaceae","Cupressaceae","Ephedra","Phlox","Picea","Pinus","Poaceae","Polygonaceae","Pseudotsuga","Ranunculaceae","Rosaceae","Sarcobatus.vermiculatus"
"gray1",0,0,0.094240838,0.005235602,0,0.335078534,0.062827225,0,0.010471204,0.041884817,0.015706806,0,0,0.303664921,0.073298429,0,0.010471204,0.02617801,0.010471204,0.010471204
"gray2",1000,0.00451767194366197,0.0867429214366197,0.00808181415023474,0,0.351588141943662,0.0653580675164319,0,0.00863417506103286,0.0495956080422535,0.0121983172676056,0,0.00150589064788732,0.301591364755869,0.0589333357793427,0,0.019175409915493,0.0178207110328639,0.00712828441314554,0.00712828441314554
"gray3",2000,0.00540498058107228,0.104397639148253,0.00856618997959627,0,0.364979296110267,0.0618482266707185,0,0.00609110918515303,0.0470406701541133,0.0086778913633601,0,0.00297619987149989,0.299078884181463,0.0455021567414804,0,0.0193028433188626,0.0131922286711526,0.00719369138354678,0.00574799157673106
"gray4",3000,0.00472412188271538,0.109840846509567,0.00769549713544482,0,0.365956729457572,0.0609731435866393,0,0.00533189888055345,0.0429100551460383,0.00711363501362015,0,0.00464852611609556,0.305898125519403,0.0406904094035239,0.00229857863928224,0.0182390299100638,0.0110617668377473,0.00622268167808885,0.00639495329088747
"gray5",4000,0.00431008290913227,0.109977319786935,0.00679862827429314,0,0.365870981919662,0.0578044783300617,0,0.00480647016860578,0.0403766549435164,0.00595628401111472,0,0.00533664317036074,0.315883875005005,0.0384490443027624,0.00352830802677933,0.0174281246295743,0.00988089340864478,0.00532926358167046,0.00826294665843354
"gray6",5000,0.00394868532139061,0.109884225085562,0.00610476881930912,0,0.368219340986005,0.0555693780340124,0,0.00435144173711249,0.0392543465830824,0.00518137366390611,0,0.00565196287869796,0.318833007467759,0.0387267549934898,0.00386633689069973,0.0173270009579717,0.00923008866771479,0.0047947182333481,0.00905656887599646
"gray7",6000,0.00357290817854747,0.112498172446386,0.00566975575285104,0,0.365183427892031,0.0535387775206722,0,0.00344048044034883,0.0376587208989867,0.00378777537721993,0,0.00623028903996752,0.316165444494651,0.0496961486386682,0.00434191037361861,0.0166902557876284,0.00792361205087738,0.00428494180379903,0.00931737869364121
"gray8",7000,0.00326152671335873,0.107611690242053,0.00478442534102274,0,0.35886408562442,0.0512391169092749,0,0.00272993495526253,0.0346360231664484,0.00280074577565782,0,0.00722994822538397,0.317726662000595,0.0681603077878021,0.00477228035352423,0.0165652240544708,0.00667846503872485,0.00337384353167044,0.00956571974482081
"gray9",8000,0.00552713771781543,0.0897402919706206,0.00364883755184337,0.000572689184680559,0.361343450066957,0.0482531407887337,0.000435331468468056,0.00183710992605908,0.0290987130992214,0.00166775528003206,7.01351502633387e-05,0.0107518937025418,0.335518476782986,0.0743453760942523,0.00366403688511564,0.0166570704997939,0.00501483437165102,0.00259372900574765,0.0092599901092512
"gray10",9000,0.00736581978250656,0.073585310386309,0.00285831535709863,0.00163913056699811,0.373385665662879,0.0457586350263695,0.00124759934309441,0.00118459903975452,0.0240305400940232,0.000939100580547057,0.000143752185533217,0.0139888003831221,0.344538519627203,0.0761871114059586,0.00247993183225889,0.0163859640164263,0.00375767792755682,0.00221529125111087,0.00830823532340836
"gray11",10000,0.00874741173189456,0.0605223705832049,0.00236031416717288,0.00236582577107404,0.381107594254644,0.0443949259842336,0.00181418816111357,0.000763562974572261,0.0198818369649415,0.000466132132190662,0.000194212946046185,0.016408668070346,0.354570203159816,0.0766696492337337,0.00171473225740625,0.0157252300225126,0.00273983338967322,0.00203896395761535,0.00751434413260276
"gray12",11000,0.00983741712968719,0.0488527446442828,0.00182099368849944,0.00290992843985186,0.390395851843688,0.0429351800048277,0.00223820399613782,0.00062914465295946,0.016549334088301,0.000350613807883077,0.000232200992156603,0.0183295431396998,0.369159368204748,0.0680607058425898,0.00110054525141194,0.0153405662772171,0.00206481380673236,0.0020840432979168,0.00710880080925865
"gray13",12000,0.010860444895314,0.0404188731431876,0.00146307753750413,0.00348794826516626,0.401152822191773,0.0419003860743107,0.00268721508888644,0.000581659727539744,0.0141703928450637,0.000219115044608437,0.000273971362631714,0.0199933046385309,0.381982011505195,0.0546391903385591,0.000620562460904896,0.0145508885842665,0.00172237837250799,0.00229634423694484,0.00697941365505256
"gray14",13000,0.0106250345165895,0.0354737484608521,0.00124374414459942,0.00407414904462794,0.412607446027407,0.0402674903132376,0.00314960819046326,0.000553843394562073,0.0126569740463799,0.000181145161820429,0.000286452553788486,0.0204758927302767,0.386062774249311,0.047529418175877,0.000404227407409922,0.0133850944947237,0.001547675346987,0.00266333032503972,0.00681195140660863
"gray15",14000,0.0102657731990411,0.0315742065972246,0.0010224059849242,0.00396706397178985,0.414035481326046,0.0395131464598035,0.00309399871479218,0.000529016848178411,0.0117823253495628,0.000148085380187055,0.000274519194854307,0.0206856233753925,0.39825204284465,0.041259442227572,0.000347355813130972,0.0121615703965459,0.001305958310261,0.00316804382893271,0.00661394017459567
"gray16",15000,0.0098459705505302,0.0273159310961042,0.000681057333125864,0.00391854463589212,0.415107392213854,0.0374310821280314,0.00306395345486399,0.000506348930613186,0.0110147286514523,9.6945122406639e-05,0.000263484370401107,0.0213220866524205,0.414811078745551,0.0320526740550023,0.000262491476141079,0.0107689048977409,0.00109260197959889,0.00382486780156754,0.00661985590633933
"gray17",16000,0.00899691162963491,0.023978865300089,0.000420416744256456,0.00373954996634016,0.417087017567765,0.0360540490118611,0.00294064761788068,0.000972376940694568,0.0112283857790917,0,0.000235050186571683,0.0220007978476224,0.425558443877257,0.0264313524869101,0.000172881879073909,0.00811130991109528,0.00101923055654497,0.0043920493760285,0.00666066332099733
"gray18",17000,0.00667883516443075,0.0222478780578318,0.000409866849166062,0.0024165617781605,0.4048751580478,0.0363308714595117,0.0019460395740875,0.00197352784958907,0.0136581729975828,0,0.000106847715010877,0.0217362966652768,0.440300326192289,0.0320648422563452,0.000534214561276287,0.00328958583436065,0.000594193973591975,0.00505572269162436,0.00578105818298284
"gray19",18000,0.00724897668288149,0.0237010624395043,0.000696072910921766,0,0.37215606725213,0.0431209576737413,6.64886986831913e-05,0.00343988122579396,0.017228039970488,0,0,0.023083161054299,0.460532865598993,0.0375058777554609,0.00139214582184353,0.000554280622385747,3.3244345468629e-05,0.00432036603346243,0.00492051152099148
"gray20",19000,0.00850612001719981,0.0264185526924932,0.00108925504581257,0,0.375099044247147,0.0482087191088249,0,0.00475704803287253,0.0187999925353641,0,0,0.0236177773808873,0.444047745909741,0.0390130199433371,0.00217851009162514,4.50872556662916e-05,0,0.00292132944799871,0.00529779773058994
"gray21",20000,0.00847640079921113,0.0291345166292327,0.00134842012949319,0,0.386258018965692,0.0540035491209347,0,0.00647090510582719,0.0200784245673886,0,0.00684101561620898,0.0214471428360497,0.412936768750391,0.0425371242377019,0.00269684025898638,0,0,0.00248273087943737,0.00528814150807472
"gray22",21000,0.00838875273788792,0.0298674794185458,0.00168824375083724,0,0.379879237318003,0.0562362115455831,0,0.00638591879935998,0.020185308395624,0,0.0139448739923346,0.0194232305044281,0.410648898094738,0.042659726901987,0.00337648750167448,0,0,0.00279268109153829,0.00452294942650889
"gray23",22000,0.0073925220293018,0.0296023547054169,0.00160081373097992,0,0.379493270810712,0.0552441660796453,0,0.00736158854943048,0.0206334628877489,0,0.0245919326002087,0.0180222668122772,0.397931337478393,0.0469094367569777,0.00320162746195983,0,0,0.00362490712346752,0.00439031262011999
"gray24",23000,0.00594110186917167,0.0291807328141248,0.0014571885822545,0,0.379227590000421,0.0536903796528787,0,0.00879103977549732,0.0212832306780339,0,0.039815425937796,0.0160700474274287,0.379457628074834,0.0531126370005263,0.002914377164509,0,0,0.0048263191060941,0.00423230180444164
"gray25",24000,0.00370119769587337,0.0319613055159977,0.00104901511814585,0,0.390750551778971,0.053674719281515,0,0.0102389515089881,0.0215693201185981,0.000462510920859242,0.0535603060299604,0.013015127363143,0.345983964824873,0.0616960483166761,0.00209803023629169,0,0.000462510920859242,0.00565513384137931,0.00412130674674958
"gray26",25000,0.00204173688041594,0.0379235416357597,0.000680578960138648,0,0.409965874663056,0.0571267983259676,0,0.0105143266403813,0.0211007666610341,0.00128185992128827,0.0556542458354997,0.00999234367822068,0.314838790851242,0.0670036518203351,0.0013611579202773,0,0.00128185992128827,0.00530040433752166,0.00393206238157135
"gray27",26000,7.39966509115463e-05,0.0464375395486158,2.46655503038488e-05,0,0.448865188752026,0.0628740438232613,0,0.01160266908474,0.0209737257530385,0.00230592287221472,0.0489357618441931,0.00706481999122215,0.264887496768062,0.0743021696833221,4.93311006076975e-05,0,0.00230592287221472,0.00466054872265361,0.00463619748987171
"gray28",27000,0.00019794077721725,0.0545376009837266,0,0,0.465444593763548,0.0694808730255492,0,0.0109194333707079,0.0195403351474369,0.00300162344914565,0.0316421331432059,0.00551000884524003,0.257572790232221,0.0712332343051261,0,0.00019794077721725,0.00300162344914565,0.00301353647404394,0.00470633262912937
"gray29",28000,0.000843112396920924,0.0604973468222533,0,0,0.452073995196221,0.0687362917763471,0,0.0101677140745976,0.0163032669672498,0.00325117775997201,0.0138539346627012,0.00619469592078376,0.29539865709965,0.0625120937445766,0,0.000843112396920924,0.00325117775997201,0.00131942234191742,0.00475400140041987
"gray30",29000,0.00168325253706294,0.0631928912501943,0,0,0.418305912245066,0.0621331933383061,0,0.00960887019160839,0.0124585940514375,0.00308197916161616,0.000548845091686092,0.00849466982968143,0.35915917426216,0.0517237485555556,0,0.00168325253706294,0.00308197916161616,5.22709608391608e-05,0.00479136718197358
"gray31",30000,0.0024444235817443,0.0597236533438575,0,0,0.368622322631447,0.0495761079399812,0,0.00959276980540794,0.00940784426695842,0.00235196106673961,0,0.0122221189256018,0.433853342394967,0.0426126872547671,0,0.0024444235817443,0.00235196106673961,0,0.0047963846484839
"gray32",31000,0.00329538531904693,0.0543460240620369,0,0,0.335186164363795,0.0420652020092983,0,0.00892351419657126,0.00758793360380648,0.0014910878839169,0,0.0155027785901496,0.486204608940578,0.0345254896587244,0,0.00297066890541915,0.0014910878839169,0.000974149240883336,0.00543590603021938
"gray33",32000,0.0040213409243595,0.0485700709747865,0,0,0.329874106485563,0.0425613084749898,0,0.00767265425037278,0.00760884722719263,0.000742641846956757,0,0.0173237380051511,0.498689460546564,0.0296972426947269,0,0.00309368495648638,0.000742641846956757,0.00278296790361936,0.00661929470706249
"gray34",33000,0.00465465394433102,0.0374906666817749,0,0,0.369167927000681,0.0460384505566898,0,0.00638081155097319,0.0101032130958214,0.000738462969239145,0,0.0173091690328025,0.45772016988594,0.0346635923450388,0,0.00245194255124541,9.44303668163876e-05,0.00532006897441132,0.00786644189247312
"gray35",34000,0.0047398676577664,0.0309798123062668,0,0,0.421805772904657,0.0537284219757376,0,0.00556364004572056,0.0133051460613265,0.00117163576322848,0,0.0154819237849305,0.39275465227408,0.043157201461107,0,0.00161018409217264,0,0.00704577917032431,0.00865596326249695
"gray36",35000,0.00473321522810259,0.0264242133814388,0,0,0.465554739009346,0.0604540704243643,0,0.00497431956694197,0.0159535349918496,0.00157441920560748,0,0.0137790711675723,0.337712282542056,0.0503894825455336,0,0.000912740482938492,0,0.00831258582427733,0.00922532630721582
"gray37",36000,0.00474043028368717,0.0217639167554159,0,0,0.495235370139081,0.061160646597162,0,0.00497339705968371,0.0175617221885832,0.00209768788236568,0,0.0127455800025997,0.303958108163128,0.0572673537536828,0,0.000389010607019064,0,0.00885888326527296,0.00924789387229203
"gray38",37000,0.00476630058397171,0.0162205070129641,0,0,0.511953464114319,0.0543886228391279,0,0.00571453235827932,0.0181169699758397,0.00285726617913966,0,0.0123898667613435,0.291617131644667,0.0648066001573365,0,0,0,0.00858436939363583,0.00858436939363583
"gray39",38000,0.00475767347670524,0.0155999236029233,0,0,0.510485603051614,0.0514886942882156,0,0.0060020737522838,0.0178340452058465,0.00299307817752741,0,0.0125084245173569,0.296062381210566,0.0656943749497564,0,0,0,0.0082868640750609,0.0082868640750609
"gray40",39000,0.00390841512122845,0.0247937243577586,0,0,0.540204078815194,0.0464078780684267,0,0.00614421289601293,0.0159032501637931,0.00265454175107759,0,0.0104713714493535,0.273317511636315,0.0633626922898707,0,0,0,0.00641616186153017,0.00641616186153017
"gray41",40000,0.00268732736317863,0.0380128319229422,0,0,0.582934146419221,0.0391025363583625,0,0.0063485845895359,0.0131270982732049,0.00216778447241681,0,0.00754243875437828,0.240614292861427,0.060010132808669,0,0,0,0.00372641314470228,0.00372641314470228
"gray42",41000,0.0012396719639773,0.0554845637179867,0,0,0.638053988641253,0.037622072517888,0,0.00586964998889711,0.0104996270138169,0.0012396719639773,0,0.00371901563779916,0.190054587339255,0.0537378072871947,0,0,0,0.0012396719639773,0.0012396719639773
"gray43",42000,0.000472953345145287,0.0693730204982282,0,0,0.673864560879518,0.0439608230935507,0,0.00460828807583274,0.00874362184904323,3.45715733522325e-05,0,0.00295319631467045,0.148660086096386,0.0470405442416726,0,0,0,3.45715733522325e-05,0.00025376245924876
"gray44",43000,0.00197579146337502,0.0597768575184343,0,0,0.620732568157707,0.0397067879982134,0,0.00466220619701153,0.00734862012229982,0,0,0.0128426448952412,0.200405090754263,0.0515615371617671,0,0,0,0,0.00098789573168751
"gray45",44000,0.00365019100860809,0.0488019291442261,0,0,0.561260938630339,0.0348358074882248,0,0.00476114788939419,0.00587210412424882,0,0,0.0237262422640897,0.258529589698554,0.0567369542480104,0,0,0,0,0.00182509550430404
"gray46",45000,0.00525123479590396,0.0409659518456215,0,0,0.527008691784181,0.0353703404997175,0,0.00422649315748588,0.00382254747076271,0,0,0.0325810360108757,0.284063920538842,0.0606697865820621,0,0.00248318535833333,0.000620796372175141,0,0.00293601558403955
"gray47",46000,0.00637215397221241,0.0374436684562581,0,0,0.511520912315672,0.0361250654624985,0,0.00359504951783822,0.00233621870057695,0,0,0.0379533731249264,0.292071405053574,0.0629158889943483,0.00022003748157306,0.00431279540056517,0.00107819890674673,0,0.00405523266183916
"gray48",47000,0.00690846083154051,0.0386789201775387,0,0,0.517546034621237,0.0373907243158986,0,0.00289018745830455,0.00150749861087536,0,0,0.0392624963692885,0.280016804026448,0.0632122120348367,0.000630974571301688,0.00549454163002072,0.00137363547962104,0,0.00508751001253331
"gray49",48000,0.00679213741689642,0.0452025442534462,0,0,0.554111305524813,0.0420081594159118,0,0.00193882640606538,0.00107508392388736,0,0,0.0357875981400158,0.235742136804451,0.061141726475384,0.00107508392388736,0.00735760233723907,0.0018394006808783,0,0.00592839493471839
"gray50",49000,0.00609165127339548,0.0535384659768734,0,0,0.599303787281284,0.0465039991957691,0,0.00130298332556472,0.00138431689951596,0,0,0.0294972048861599,0.186426171691108,0.057887279856938,0.00138431689951596,0.00840547044971316,0.00210136772275009,0,0.00617298484734672
"gray51",50000,0.00560126906910683,0.0587849174171556,0,0,0.629412861856571,0.0474094372290211,0,0.000873748996926516,0.00223144084651206,0,0,0.0258432362914222,0.157972503096954,0.0541968599417901,0.00185976774993015,0.00723266672841576,0.00180816677703269,0.000185836548290956,0.00658728782211046
"gray52",51000,0.00509836245918676,0.0607053464881445,0,0,0.661281548261931,0.0503011541779841,0,0.000426476034708909,0.00343982491242054,0,0,0.0237956781429725,0.129639544782767,0.0483869809039451,0.00209420408324084,0.00591358325728988,0.00147839589193825,0.00067281041458985,0.0067660905077187
"gray53",52000,0.00462443625876106,0.0600083516422419,0,0,0.695163202566608,0.0549401080328024,0,0,0.00459150580613569,0,0,0.0226612433764012,0.100473475584897,0.0410933043448968,0.00191513506418879,0.00466807134666667,0.0011670178979351,0.00133818537097345,0.00735596293498525
"gray54",53000,0.00461152888412979,0.055417536421003,0,0,0.703422499203776,0.0558263424870796,0,0,0.00516034439020649,0,0,0.0243058805445428,0.0999955188887316,0.0360286933714454,0.00138122509368732,0.00242056468,0.000605141201769912,0.00188955964825959,0.00893516541286136
"gray55",54000,0.00461877552369565,0.0479689907329348,0,0,0.710302165062717,0.0545386516008696,0,0.000382545383152174,0.00527769844641304,0,0,0.0250531402380435,0.104681688476304,0.0323494318313043,0.00116308839065217,0.000541965672608696,0.000422400457608696,0.00224857771945652,0.0104508807526087
"gray56",55000,0.00463942916496251,0.0442258727261661,0,0,0.715361719722855,0.0530199049205375,0,0.000815443229623138,0.00442053020070114,0,0,0.023435131120557,0.104962027980037,0.0326829180580388,0.00107409632817217,0.000815443229623138,0.000815443229623138,0.00208093855107605,0.0116511019769208
"gray57",56000,0.00465008111084067,0.0448067060622543,0,0,0.720557089056263,0.0493625103785808,0,0.00123835943877551,0.00312605522954503,0,0,0.0196310215755476,0.102792906200337,0.0352739498002247,0.00123835943877551,0.00123835943877551,0.00123835943877551,0.00156302761477251,0.0132832159579667
"gray58",57000,0.00467192832419484,0.043509297001597,0,0,0.718109865643776,0.0456356800010647,0,0.00160434074394464,0.00228953495856623,0,0,0.0175068419083489,0.108663286722385,0.0378498413031674,0.00160434074394464,0.00160434074394464,0.00160434074394464,0.00122278276435099,0.0141235792547245
"gray59",58000,0.00472543511152515,0.0359716914652648,0,0,0.706289448821844,0.0423749928393222,0,0.00203503624567474,0.00189740595492858,0,0,0.018164405034957,0.127346992072398,0.0395238905445834,0.00203503624567474,0.00203503624567474,0.00203503624567474,0.00124524847280632,0.0143203453801792
"gray60",59000,0.00476937231575812,0.0310444942513157,0,0,0.693581399043888,0.0409005414796942,0,0.00206061239946381,0.00168463673100983,0,0,0.0195675250967133,0.143385087414159,0.0403168429180816,0.00206061239946381,0.00218053390676199,0.00206061239946381,0.00141876740512362,0.014968962682951
"gray61",60000,0.00481711208791324,0.0275514074675721,0,0,0.675699032110444,0.0421115733636555,0,0.00167383222520531,0.00174109755274795,0,0,0.0228955841518214,0.16089181469741,0.0404403288619709,0.00167383222520531,0.00230961317909033,0.00167383222520531,0.00174109755274795,0.0147798424088229
"gray62",61000,0.00514274228143651,0.0240451227152706,0,0,0.657453247784009,0.045145851507306,0,0.00113641587518008,0.00240544309487549,0,0,0.027546535584894,0.177970838723606,0.0387641417381148,0.00113641587518008,0.00225491407439802,0.00113641587518008,0.00220858742086849,0.0136533271454003
"gray63",62000,0.00635147422978437,0.0257208966633616,0,0,0.644927540542645,0.0478348360850982,0,0.000595814446958028,0.00322300874894109,0,0,0.0300223173561802,0.187988135025414,0.0363252745528494,0.000595814446958028,0.00210722025173277,0.000595814446958028,0.00220176351983057,0.0115100892249711
"gray64",63000,0.00754917783009241,0.0331457275258953,0,0,0.642231826160666,0.0500083907635734,0,0.000128508998363496,0.0035858836045437,0,0,0.0296632079992299,0.185322460015787,0.0351316033938198,0.000128508998363496,0.00210496274306893,0.000128508998363496,0.00172755212206392,0.00914368058038121
"gray65",64000,0.00866546337736738,0.038201749233393,0,0,0.642445624468294,0.0505618115426364,0,0,0.0038650431436917,0,0,0.0285397092971827,0.183003830212381,0.0342586285762744,0,0.00216214647130877,0,0.00122676938132479,0.00706922424564214
"gray66",65000,0.00974854074816482,0.0425453587348537,0,0,0.647084272029167,0.049086941681707,0,0.000238375631985906,0.00462217194049134,0.000238375631985906,0,0.0262162004113732,0.180899853435255,0.0303825733166291,0,0.00177311759812078,0,0.00079216946696682,0.00637204941871391
"gray67",66000,0.0100843488672405,0.0484410879540253,0,0,0.657341463227544,0.0468079696621772,0,0.000654961198177215,0.00533465226896203,0.000654961198177215,0,0.0225750296225823,0.173745943579949,0.0259106908492152,0,0.00134531893670886,0,0.000320758222177215,0.00678281456131646
"gray68",67000,0.00803652898830156,0.0541818833516031,0,0,0.684110325836222,0.0436909811960572,0,0.00113734833535529,0.00649297548873484,0.00113734833535529,0,0.0163972300738735,0.151981500111352,0.0214854611336655,0,0.000915739438908146,0,0,0.01043267790013
"gray69",68000,0.00562944254982669,0.0568919018741334,0,0,0.708669523734835,0.0407448498052426,0,0.00157411804939341,0.00762284398960139,0.00157411804939341,0,0.011391891252383,0.13321216237305,0.017314168997617,0,0.000392459759532062,0,0,0.0149825196462305
"gray70",69000,0.00326476704492723,0.0594315496047247,0,0,0.73121902192259,0.0382032052997258,0,0.00195786920818393,0.0085219406994305,0.00195786920818393,0,0.00685501996329888,0.115373947535119,0.014070062638262,0,0,0,0,0.0191447468755537
"gray71",70000,0.00146271480698728,0.0597381412758249,0,0,0.747844398338365,0.0376554304649558,0,0.00191134420616778,0.00931259651153763,0.00191134420616778,0,0.0041054165007548,0.100719064213931,0.0138666423273668,0,0,0,0,0.0214729071479405
"gray72",71000,0,0.0573028249684543,0,0,0.762928065325272,0.0377981354409394,0,0.00159990047528917,0.010381023658605,0.00159990047528917,0,0.00173603537960042,0.0888727862400981,0.0143976339740624,0,0,0,0,0.0233836940623905
"gray73",72000,0,0.0505636310232835,0,0,0.756873235232041,0.0383549825689906,0,0.00127811749808176,0.00981464075856595,0.00127811749808176,0,0.00202285418891388,0.0991503215278476,0.0168392955660802,0,0,0,0,0.0238248041381135
"gray74",73000,0,0.0417694915238603,0,0,0.748972138911267,0.039081626046501,0,0.000858214997408141,0.00907555381826498,0.000858214997408141,0,0.00239713108919043,0.112561729444885,0.0200254796743406,0,0,0,0,0.0244004194968745
"gray75",74000,0,0.029811423440367,0,0,0.738228410347005,0.0400696990895845,0,0.000287241260658392,0.0080705604414463,0.000287241260658392,0,0.00290606418672423,0.130798252640583,0.0243579793459255,0,0,0,0,0.025183127987048
"gray76",75000,0,0.0204621517167045,0,0,0.721941358850236,0.0419734148889859,0,0.000396769457846046,0.00609364802757898,0,0,0.00332035654494676,0.148374204292372,0.0327608670871007,0,0,0,0,0.0246772291342294
"gray77",76000,0,0.0170488256975416,0,0,0.709077766522601,0.0441640668309278,0,0.000997487109278351,0.00435295917176844,0,0,0.00335547206249009,0.156435058014433,0.0414430721430611,0,0,0,0,0.0231252924478985
"gray78",77000,0,0.0193834161812847,0,0,0.708602886268834,0.0467090833257732,0,0.00163445205773196,0.00428186924314036,0,0,0.00264741718540841,0.148000959045361,0.0479520581858842,0,0,0,0,0.0207878585065821
"gray79",78000,0,0.0225629382428549,0,0,0.704838656814774,0.049816092264095,0,0.00237516196720287,0.0042848417038888,6.92548689676714e-05,0,0.00211744434358894,0.141447526128846,0.0538352648196158,0,0,0,6.92548689676714e-05,0.0185835640078088
"gray80",79000,0,0.031894254163042,0,0,0.675847692771174,0.0568677048179117,0,0.0038192624714305,0.00486794454005133,0.000671123318384439,0,0.00306205202377415,0.150608530974335,0.0539404320734837,0,0,0,0.000671123318384439,0.0177498798246657
"gray81",80000,0,0.0407003906160088,0,0,0.645494499490717,0.0631775838216201,0,0.00506032920203548,0.0055140642252785,0.00130562686370513,0,0.00437061561435841,0.163991478873195,0.0511763871428964,0,0,0,0.00130562686370513,0.0179033978635676
"gray82",81000,0,0.0525080522031698,0,0,0.604734766908075,0.0701185206034717,0,0.00631356432120755,0.00645394167969811,0.00218612829071698,0,0.00648819619290566,0.185199026047396,0.0448007947043019,0,0,0,0.0021159396114717,0.0190810703728302
"gray83",82000,0,0.0703837997175082,0,0,0.56954140219882,0.0720371344259672,0,0.00614571457416394,0.00757915719711475,0.00314858844931148,0,0.00872904403645902,0.19972736046741,0.040405346743082,0,0,0,0.00243186713783607,0.0198705861272131
"gray84",83000,0,0.084281667665678,0,0,0.543655103742555,0.0732210727490806,0,0.00594626028283308,0.00842935436279511,0.00387305683639815,0,0.0103776234692134,0.209687956521533,0.037574521219599,0,0,0,0.00263150979641713,0.0203218745170246
"gray85",84000,0,0.100333106710728,0,0,0.52933488900875,0.0713397053711132,0,0.00498791087952618,0.00915132452873873,0.00445835362417553,0,0.0112933540479203,0.207100616976713,0.0404969472822722,0,0,0,0.00237664679956926,0.0191271458209719
"gray86",85000,0.000506788476256022,0.11179701512512,0,0,0.530694924006882,0.0663416173285616,0,0.00361492693021335,0.00941771741197522,0.00462439395375086,0,0.0112251808770819,0.194915465929525,0.0475622890477632,0,0,0,0.00180746346510668,0.0174922182838266
"gray87",86000,0.00212806368640944,0.112183649325879,0,0,0.552128426007127,0.0577652862893831,0,0.00211509832243795,0.00898027585819612,0.00407241767928238,0,0.00994326060530843,0.175728470203367,0.0570456941915704,0,0,0,0.00112059210395675,0.0167887663433276
"gray88",87000,0.00380370438436962,0.102405903196609,0,0,0.590846504773409,0.0480678772208159,0,0.00100305924649791,0.0093350294831654,0.00290199656844434,0,0.00813920801253379,0.152561795836201,0.0610553861306218,0,0,0,0.00163309701916933,0.0182464384986483
"gray89",88000,0.00579380708977082,0.0919889661046395,0.000404398777976523,0,0.623867146608608,0.0419166476387926,0,0,0.00891473815382895,0.00162493012856344,0,0.00914752235069871,0.131515407809391,0.0617701513486864,0,0,0.000404398777976523,0.00200160396512018,0.0206502814605925
"gray90",89000,0.00691329834792142,0.0828622909827318,0.000796654917222476,0,0.636393114062494,0.04189404852709,0,0,0.00837634461269986,0.000871174052078575,0,0.0111040836388305,0.126822610128369,0.0575013049624486,0,0,0.000796654917222476,0.0024303334370032,0.0232380876806761
"gray91",90000,0.00742788068182185,0.0773160142640871,0.0011141821095526,0,0.645228757055542,0.042514231080129,0,0,0.00815488150632809,0.000365578395808142,0,0.012800423839339,0.122429795474002,0.0537603252232164,0,0,0.0011141821095526,0.00284527621668682,0.0249284723164047
"gray92",91000,0.00716563633747981,0.0750238311216478,0.00152855170185784,0,0.652146476769144,0.0450274784076737,0,0,0.00831057998497577,0,0,0.0153331916202746,0.115964298770679,0.0484361577218094,0,0,0.00152855170185784,0.00347053445331179,0.0260647116110662
"gray93",92000,0.00750375378616243,0.077614123688916,0.0020935440108923,0,0.640669687920007,0.0501631213355699,0,0,0.00709006731526664,0,0,0.019395498505664,0.118355288880185,0.0451568714405716,0,0,0.00212991481047403,0.00305893578982224,0.0267691928296445
"gray94",93000,0.00682405147950311,0.0902870063363798,0.00194257834347826,0,0.633324184912866,0.0517259348493345,0,0.000410746033984028,0.00616247086078083,0,0,0.019729102809583,0.114626955118456,0.0408912923127773,0,0.000596240096362023,0.00257077456743567,0.00311484890186335,0.0277938136401952
"gray95",94000,0.00548023657267081,0.106493003053327,0.00148986840559006,0,0.628977389171961,0.0516239682122449,0,0.00124390228952972,0.00543299437453416,0,0,0.0185835165629104,0.108925825127329,0.0354574354361136,0,0.00142550309547471,0.00292043037932564,0.00311484890186335,0.0288310785026619
"gray96",95000,0.00435869068058926,0.121210768877036,0.00101289219506066,0,0.625011459492028,0.050954644197747,0,0.00202846185467938,0.00469981970979203,0,0,0.0171362866129983,0.10431909135052,0.0310227117915945,0,0.00220201160190641,0.00319357637564991,0.00304197115459272,0.0298076140394281
"gray97",96000,0.00387259786125883,0.130575613633701,0.000522798232478768,0,0.622817607149298,0.0489080348418922,0,0.0026032320662751,0.00409447268727677,0,0,0.0150523031389793,0.102702710431145,0.0295305196820383,0,0.00275871163473292,0.00323791510238908,0.00282700139630129,0.0304964819973807
"gray98",97000,0.00316602105018394,0.134661764408621,0.000103053649684181,0,0.627135945105713,0.0464763975465399,0,0.00292828429256611,0.00447470242208649,0,0,0.0127685795838134,0.0996794837166655,0.0290603983037412,0,0.00306120648892899,0.00304715282730617,0.00295991375081558,0.0304770965745124
"gray99",98000,0.00267474199558777,0.135571760304365,0,0,0.62907051210353,0.045863769391664,0,0.00333432455066183,0.0045806973379294,0,0,0.0124047209981878,0.0995289684809329,0.0277411823842578,0,0.00315232777450362,0.00300453345067759,0.00267474199558777,0.0303977188473054
"gray100",99000,0.00260546568386298,0.135570442197998,0,0,0.629211754087701,0.0458797128682418,0,0.00339760381727198,0.0045834349580066,0,0,0.0124475720087701,0.0996497377177053,0.0274982330603591,0,0.00316380005303343,0.00300153493148989,0.00260546568386298,0.0303852425309534
"gray101",1e+05,0.00247407671966527,0.13556794228676,0,0,0.629479632638673,0.0459099511534668,0,0.00351761882800359,0.00458862710893604,0,0,0.0125288429332038,0.0998787878003586,0.0270374570862224,0,0.00318555829557681,0.00299584796114764,0.00247407671966527,0.030361580037358
"gray102",101000,0.00212916289490791,0.135561379681203,0,0,0.630182850113218,0.0459893307472914,0,0.00383267448456121,0.00460225720828819,0,0,0.0127421901161972,0.100480075287107,0.0258278577521668,0,0.00324267662892741,0.00298091889382449,0.00212916289490791,0.0302994627871073
"gray103",102000,0,0.134881087501269,0,0,0.636185536530457,0.0458278513692893,0,0.00604132385406091,0.0046870125748731,0,0,0.0140610374378173,0.104468585492386,0.0177057764936548,0,0.00333270065228426,0.00302066224873096,0,0.0297884248451777
"gray104",103000,NA,NA,NA,NA,NA,NA,NA,NA,NA,NA,NA,NA,NA,NA,NA,NA,NA,NA,NA
"gray105",104000,NA,NA,NA,NA,NA,NA,NA,NA,NA,NA,NA,NA,NA,NA,NA,NA,NA,NA,NA
"gray106",105000,NA,NA,NA,NA,NA,NA,NA,NA,NA,NA,NA,NA,NA,NA,NA,NA,NA,NA,NA
"gray107",106000,NA,NA,NA,NA,NA,NA,NA,NA,NA,NA,NA,NA,NA,NA,NA,NA,NA,NA,NA
"gray108",107000,NA,NA,NA,NA,NA,NA,NA,NA,NA,NA,NA,NA,NA,NA,NA,NA,NA,NA,NA
"gray109",108000,NA,NA,NA,NA,NA,NA,NA,NA,NA,NA,NA,NA,NA,NA,NA,NA,NA,NA,NA
"gray110",109000,NA,NA,NA,NA,NA,NA,NA,NA,NA,NA,NA,NA,NA,NA,NA,NA,NA,NA,NA
"gray111",110000,NA,NA,NA,NA,NA,NA,NA,NA,NA,NA,NA,NA,NA,NA,NA,NA,NA,NA,NA
"gray112",111000,NA,NA,NA,NA,NA,NA,NA,NA,NA,NA,NA,NA,NA,NA,NA,NA,NA,NA,NA
"gray113",112000,NA,NA,NA,NA,NA,NA,NA,NA,NA,NA,NA,NA,NA,NA,NA,NA,NA,NA,NA
"gray114",113000,NA,NA,NA,NA,NA,NA,NA,NA,NA,NA,NA,NA,NA,NA,NA,NA,NA,NA,NA
"gray115",114000,NA,NA,NA,NA,NA,NA,NA,NA,NA,NA,NA,NA,NA,NA,NA,NA,NA,NA,NA
"gray116",115000,NA,NA,NA,NA,NA,NA,NA,NA,NA,NA,NA,NA,NA,NA,NA,NA,NA,NA,NA
"gray117",116000,NA,NA,NA,NA,NA,NA,NA,NA,NA,NA,NA,NA,NA,NA,NA,NA,NA,NA,NA
"gray118",117000,NA,NA,NA,NA,NA,NA,NA,NA,NA,NA,NA,NA,NA,NA,NA,NA,NA,NA,NA
"gray119",118000,NA,NA,NA,NA,NA,NA,NA,NA,NA,NA,NA,NA,NA,NA,NA,NA,NA,NA,NA
"gray120",119000,NA,NA,NA,NA,NA,NA,NA,NA,NA,NA,NA,NA,NA,NA,NA,NA,NA,NA,NA
"gray121",120000,NA,NA,NA,NA,NA,NA,NA,NA,NA,NA,NA,NA,NA,NA,NA,NA,NA,NA,NA
"gray122",121000,NA,NA,NA,NA,NA,NA,NA,NA,NA,NA,NA,NA,NA,NA,NA,NA,NA,NA,NA
"gray123",122000,NA,NA,NA,NA,NA,NA,NA,NA,NA,NA,NA,NA,NA,NA,NA,NA,NA,NA,NA
"gray124",123000,NA,NA,NA,NA,NA,NA,NA,NA,NA,NA,NA,NA,NA,NA,NA,NA,NA,NA,NA
"gray125",124000,NA,NA,NA,NA,NA,NA,NA,NA,NA,NA,NA,NA,NA,NA,NA,NA,NA,NA,NA
"gray126",125000,NA,NA,NA,NA,NA,NA,NA,NA,NA,NA,NA,NA,NA,NA,NA,NA,NA,NA,NA
"gray127",126000,NA,NA,NA,NA,NA,NA,NA,NA,NA,NA,NA,NA,NA,NA,NA,NA,NA,NA,NA
"gray128",127000,NA,NA,NA,NA,NA,NA,NA,NA,NA,NA,NA,NA,NA,NA,NA,NA,NA,NA,NA
"gray129",128000,NA,NA,NA,NA,NA,NA,NA,NA,NA,NA,NA,NA,NA,NA,NA,NA,NA,NA,NA
"gray130",129000,NA,NA,NA,NA,NA,NA,NA,NA,NA,NA,NA,NA,NA,NA,NA,NA,NA,NA,NA
"gray131",130000,NA,NA,NA,NA,NA,NA,NA,NA,NA,NA,NA,NA,NA,NA,NA,NA,NA,NA,NA
"gray132",131000,NA,NA,NA,NA,NA,NA,NA,NA,NA,NA,NA,NA,NA,NA,NA,NA,NA,NA,NA
"gray133",132000,NA,NA,NA,NA,NA,NA,NA,NA,NA,NA,NA,NA,NA,NA,NA,NA,NA,NA,NA
"gray134",133000,NA,NA,NA,NA,NA,NA,NA,NA,NA,NA,NA,NA,NA,NA,NA,NA,NA,NA,NA
"gray135",134000,NA,NA,NA,NA,NA,NA,NA,NA,NA,NA,NA,NA,NA,NA,NA,NA,NA,NA,NA
"gray136",135000,NA,NA,NA,NA,NA,NA,NA,NA,NA,NA,NA,NA,NA,NA,NA,NA,NA,NA,NA
"gray137",136000,NA,NA,NA,NA,NA,NA,NA,NA,NA,NA,NA,NA,NA,NA,NA,NA,NA,NA,NA
"gray138",137000,NA,NA,NA,NA,NA,NA,NA,NA,NA,NA,NA,NA,NA,NA,NA,NA,NA,NA,NA
"gray139",138000,NA,NA,NA,NA,NA,NA,NA,NA,NA,NA,NA,NA,NA,NA,NA,NA,NA,NA,NA
"gray140",139000,NA,NA,NA,NA,NA,NA,NA,NA,NA,NA,NA,NA,NA,NA,NA,NA,NA,NA,NA
"gray141",140000,NA,NA,NA,NA,NA,NA,NA,NA,NA,NA,NA,NA,NA,NA,NA,NA,NA,NA,NA
"gray142",141000,NA,NA,NA,NA,NA,NA,NA,NA,NA,NA,NA,NA,NA,NA,NA,NA,NA,NA,NA
"gray143",142000,NA,NA,NA,NA,NA,NA,NA,NA,NA,NA,NA,NA,NA,NA,NA,NA,NA,NA,NA
"gray144",143000,NA,NA,NA,NA,NA,NA,NA,NA,NA,NA,NA,NA,NA,NA,NA,NA,NA,NA,NA
"gray145",144000,NA,NA,NA,NA,NA,NA,NA,NA,NA,NA,NA,NA,NA,NA,NA,NA,NA,NA,NA
"gray146",145000,NA,NA,NA,NA,NA,NA,NA,NA,NA,NA,NA,NA,NA,NA,NA,NA,NA,NA,NA
"gray147",146000,NA,NA,NA,NA,NA,NA,NA,NA,NA,NA,NA,NA,NA,NA,NA,NA,NA,NA,NA
"gray148",147000,NA,NA,NA,NA,NA,NA,NA,NA,NA,NA,NA,NA,NA,NA,NA,NA,NA,NA,NA
"gray149",148000,NA,NA,NA,NA,NA,NA,NA,NA,NA,NA,NA,NA,NA,NA,NA,NA,NA,NA,NA
"gray150",149000,NA,NA,NA,NA,NA,NA,NA,NA,NA,NA,NA,NA,NA,NA,NA,NA,NA,NA,NA
"gray151",150000,NA,NA,NA,NA,NA,NA,NA,NA,NA,NA,NA,NA,NA,NA,NA,NA,NA,NA,NA
