"","YrBP","Abies","Amaranthaceae","Ambrosia","Artemisia","Asteraceae","Brassicaceae","Caryophyllaceae","Cercocarpus","Cupressaceae","Fabaceae","Lamiaceae","Malvaceae","Picea","Pinus","Poaceae","Populus","Quercus","Ranunculaceae","Ribes","Sarcobatus.vermiculatus"
"hay01",0,0,0.0674960794154782,0.0182099773352293,0.273712835422539,0.0818415678138642,0.000108989701672784,0.00588656113236571,0,0.0402818339828238,0,0,0.00354884751721819,0.00315251605222898,0.363782209804534,0.122301611960716,0.00479992120874779,0.00716581955355992,0.0016852573699179,0,0.00602597204850234
"hay02",1000,0,0.0623370509642715,0.0168143332713158,0.323252086742843,0.076056206512924,0.000253502171562789,0.00468094953872789,0,0.0310606024654184,0.000179533881324159,0.000538601643972476,0.00325210288381633,0.00477690777400644,0.350905930905386,0.107167832297009,0.00331655660758237,0.00548462519679326,0.00196569168265626,0,0.00795748573402144
"hay03",2000,0,0.0535816150809181,0.01397072039681,0.379030012338883,0.0718508723203462,0.000371500825967711,0.00341760948739545,0,0.0212435546972768,0.000323887633670492,0.000971662901011476,0.00227582176537639,0.0071259973622058,0.335385612053725,0.0916679893552033,0.00249718547125073,0.00421114071085392,0.00248557967191208,0,0.00958923828243532
"hay04",3000,0,0.0491295323798273,0.0116571237331815,0.415462627867388,0.0698434329055698,0.000506754330828352,0.00250978569630895,0,0.0147245935475282,0.000477496939880444,0.00143249081964133,0.00173299357582313,0.00974014951695607,0.319687185005731,0.0836938819372047,0.00202625810944112,0.00370123592342727,0.00295179548217098,0,0.0107226626651485
"hay05",4000,2.98388010450006e-05,0.0451285872610959,0.009858016403135,0.449065689291578,0.0688798294491767,0.00066147344046196,0.00182316433351328,0,0.00886310428772221,0.000649217970288821,0.00194765391086646,0.00131682004546331,0.0126681689212393,0.304429822300447,0.0752704813253384,0.00146063497005746,0.00326774286170131,0.00280852787222843,0,0.0118712269023831
"hay06",5000,0.000167610221898836,0.0416365389053392,0.00805752081523485,0.478554739806002,0.0660955246998193,0.000685127991509434,0.00135241929590526,0,0.00287986906838619,0.00084670769263348,0.00254012307790044,0.000908797279767162,0.0165510712870132,0.291437373605961,0.0699121542908872,0.000856871524628663,0.00284787834735046,0.00256088010078282,0,0.0121087923117824
"hay07",6000,0.000333085601191392,0.0397582086895127,0.00682246606649375,0.490396570484536,0.0637682671201284,0.000583133988459763,0.00148752784632801,0,0,0.000854143925658893,0.00226932262675576,0.000595295617347724,0.0200161315731431,0.282618686029433,0.07276115123408,0.000864807718022553,0.00333374889123601,0.00260234753335678,0,0.0109351054106126
"hay08",7000,0.000533827354299886,0.0416065300094337,0.00758564644871016,0.47811014591585,0.0619589073769846,0.000460112148046391,0.00221051059734008,0,0,0.000895728989520776,0.00188933308028398,0.000839230895961487,0.0224507484518953,0.282496130971869,0.0822367960832989,0.00070381450470471,0.00387800272126723,0.00234342811563617,0.000188369279194729,0.00961273729988573
"hay09",8000,0.000714976686348607,0.0433670417137956,0.00911087529721801,0.454776648308107,0.0554564700551177,0.000281415869950029,0.00338222924918579,0,0.000299587414936728,0.000865756050269746,0.0012971301558561,0.000805453807025831,0.0243413013742635,0.291804601493424,0.0975427831712453,0.000441710831215971,0.00417480264937971,0.0022176348598563,0.00114393938761405,0.00797564173264053
"hay010",9000,0.000971722052369436,0.0450529737249108,0.0102255352569143,0.420813730485453,0.0502198058702857,8.8954491918297e-05,0.00477510799501928,0,0.001199025947439,0.000785569636981873,0.000637976874571969,0.000597754471396758,0.0259099471163286,0.307070118482939,0.116194866648524,0.000335151285984531,0.0046023225160796,0.00241460892038026,0.00206332372280357,0.00604150453389526
"hay011",10000,0.00139015358374428,0.0444137985261673,0.0108355164152339,0.39211087262164,0.0478298477002532,0,0.00544283564982896,0.00036035743535919,0.00219711641545604,0.000683927353725177,2.46709818072771e-05,0.000389352714025501,0.0296915365886756,0.319142170141521,0.12904504379406,0.000459051800479808,0.00548548744266738,0.0026620243331112,0.00284223333200053,0.00499400286396552
"hay012",11000,0.00184040495211251,0.0433861417065535,0.0110445706449701,0.367240379420003,0.0461784188076945,0,0.00580169560105384,0.000678625927916933,0.00297481412663451,0.000542855139245656,0,0.000195519972104376,0.034860614631216,0.328534182431433,0.138786395483892,0.00054623126157959,0.00616447490625908,0.00260962986458999,0.00345997550183065,0.00515506910240019
"hay013",12000,0.00213039228985338,0.0422301362211894,0.0108058480017388,0.347889380710347,0.0455948499956197,0,0.00591517458916958,0.000900140889522345,0.00357154195514353,0.000359942138715664,0,4.44383742664638e-05,0.0389637169638373,0.333970846300988,0.14867745199689,0.000681885799575343,0.00690615750455587,0.00245674096808386,0.00360134451059134,0.00530001022144016
"hay014",13000,0.00249199869096096,0.0403278203765746,0.0106636578312547,0.329765010585589,0.0486394861761973,0,0.00569195283639935,0.00113259081168932,0.00392673824178411,0.000234405605247568,0,0,0.0429982346258263,0.340093385217729,0.154795860544805,0.000838217718414817,0.00764547965664754,0.0021821280959092,0.00298034820722125,0.00559268416851147
"hay015",14000,0.00268726345645759,0.0385058969860331,0.0112226951976243,0.310884346276205,0.0490074333552243,0,0.00495572942109405,0.00138394012294772,0.00360422077295907,0.000129260908572293,0,0,0.0481289519653477,0.349681313466959,0.15944494279369,0.000928171943254899,0.00863380669213891,0.00214636280266324,0.00252955863863206,0.00612610452886434
"hay016",15000,0.00250252282742034,0.0388099816132795,0.0120988258743889,0.288042735928588,0.0487689287030825,0,0.00461949947631922,0.00122327866725875,0.00318881854505871,3.22036742222991e-05,0,0,0.0500826930400993,0.360649723814704,0.168598668804643,0.000787232637030982,0.00945814661254067,0.00220822543040382,0.00225080497870066,0.00667770880670261
"hay017",16000,0.00223483130090592,0.0375993615223868,0.0129304991389721,0.260436338291655,0.0497914711196341,0,0.00406569693236934,0.00102809304834495,0.00271619426656794,0,0,0,0.0505313260936585,0.380903381373519,0.17569111151392,0.000646348025609756,0.0108677009258711,0.00210295840487805,0.00176780424825784,0.00668688331651568
"hay018",17000,0.0020687696121217,0.0357601871520277,0.0139336030335251,0.230732227366467,0.0502333934792975,0,0.00333735469715999,0.000814401875278532,0.00198798162778025,0,0,0,0.0517144725430458,0.411180673243812,0.175117921682595,0.000488582722319005,0.0126768463688976,0.00212408112356683,0.00130097577146214,0.00652852725843698
"hay019",18000,0.00184474375206612,0.035067074705045,0.0147761017204614,0.205545443191377,0.047994079542503,0,0.00332792722041595,0.000485763894628099,0.0010861033881573,0,0,0,0.0520323705336709,0.441990513388748,0.171504317722142,0.000252891941467623,0.0141550722720461,0.00220987368599582,0.00142514801067115,0.00630257467616474
"hay020",19000,0.00180270305858628,0.0335438305983505,0.0150382660868194,0.183897767830214,0.0465703583450023,0,0.00410449235038006,8.04483213971767e-05,0.000891288238585242,0,0,0,0.0488171704567713,0.468314031194322,0.171799232024407,2.22883525518383e-05,0.0151377335407725,0.00244513385112984,0.00144529185898961,0.00608996377436786
"hay021",20000,0.00256709985765051,0.0292557891742803,0.0160249020366689,0.169478265655251,0.0431684018955554,0,0.00471257018715559,0.000167263820363599,0.00122195546315085,0,0,0,0.046547427573312,0.502831819439821,0.158910510253386,0,0.0156595269423186,0.00248419594175207,0.00113509416166246,0.00583517780321368
"hay022",21000,0.00312690091659776,0.0274384415752392,0.016889558662847,0.16856733011407,0.0397240859984643,0,0.00551769127189604,0.000294522698168931,0.00168370199737744,0,0,0,0.0455524303797519,0.522718130531435,0.144036431906934,0,0.0143108633342705,0.00273778675586533,0.000971766849710573,0.00643035741341996
"hay023",22000,0.00449730396854849,0.0275372002831447,0.0171023844984791,0.17466753205686,0.0383090538468589,0,0.00587236573822849,0.000373845625988563,0.00210344847246218,0.000106582791093807,0,0,0.0458893713815347,0.529449833646348,0.131167491052419,0,0.0123196187974206,0.00288310370689865,0.000807453986981385,0.00691341069284584
"hay024",23000,0.00572951730177909,0.0264047558812439,0.0171630145434869,0.17470040643386,0.0366378189399647,0,0.00529486529994238,0.00043947803507761,0.00294227371756041,0.000203120966615047,0,0,0.0469799680472323,0.545075583420679,0.116437440415439,0,0.0112588797635683,0.00306765396445421,0.000578171151654842,0.00708705271226636
"hay025",24000,0.00693857596792365,0.0268619076793813,0.0164440846073423,0.176538538110762,0.0359683543664075,0,0.00461250411702316,0.000471977480565883,0.00374730324075773,0.000278502820723287,0,0,0.0499900986662321,0.560393419519209,0.0974066570149035,0,0.0102739252856936,0.00261482974644714,0.000464950476654918,0.00699437155300726
"hay026",25000,0.0080787723019705,0.0287529650091863,0.0143877946263266,0.183262672625041,0.0370583178517659,0,0.00416592986610964,0.000366121032747566,0.00454349296737784,0.000365699107397595,0,0,0.0554658722253766,0.562797697545563,0.0822748988138609,0,0.00877192242165823,0.00222461994682635,0.000520516815600947,0.0069627074804126
"hay027",26000,0.00950432558738244,0.032097308231801,0.0126448014141824,0.188559012407747,0.0380910658264327,0,0.00346174998615613,0.000313746565730436,0.00544542339878966,0.000504835568237342,0,0,0.0608098464696537,0.561066153313251,0.0709877362105961,0,0.00757121122978907,0.00181453125693391,0.000621562396155013,0.00650669078252192
"hay028",27000,0.00963572248028853,0.0364439177600193,0.0114588664656211,0.188385745322339,0.0382582250145297,0,0.0028187775165783,0.00033645431366203,0.00704844999679796,0.000567991454551715,5.10022210267181e-05,0,0.0640928681146364,0.562226927827847,0.063949820084131,5.10022210267181e-05,0.00662351423266423,0.00128863998602121,0.000768642201211954,0.00599343343912684
"hay029",28000,0.00925742038074169,0.0442931097170553,0.010759658643859,0.195822931169671,0.0405521555698182,0,0.00230809463570773,0.000356873695098219,0.00847681142379291,0.000602799588984762,0.0001687745,0,0.0649866590318891,0.549353060442041,0.0606596405333394,0.0001687745,0.00536926288692858,0.000634004874389572,0.000869168480044061,0.00536080064262897
"hay030",29000,0.00828809068029985,0.0534287593809695,0.0112568811310945,0.205622724171154,0.0435517488144128,0,0.00185815077937031,0.000396986214332834,0.00945443260237881,0.000705140887776112,0.000308319380609695,0,0.0638105198834983,0.527469651063368,0.0630283492975712,0.000308319380609695,0.00444760765677161,0.00038527207866067,0.000938185289515242,0.0047408619518041
"hay031",30000,0.00691798119734857,0.0620275926636852,0.0136944044177484,0.210233224581954,0.0456384348439312,0,0.0014059939560645,0.000546523983343602,0.0103247766849094,0.000933167145700992,0.000460052412734496,0,0.056667637729461,0.513142215926087,0.0677459372039134,0.000460052412734496,0.00456197423607895,0.00037510470881047,0.000819627741018505,0.00404529862319148
"hay032",31000,0.00510209125860649,0.0681822118014438,0.0174989632170482,0.211365353076179,0.0471402589835675,0,0.0011581561060744,0.000586662778095734,0.0128446813459287,0.00121664810173864,0.000604507826374436,0,0.0478838352878295,0.505022961473942,0.0712319188709677,0.000604507826374436,0.0048162053324445,0.000431325215465661,0.00076936836936351,0.00354034346687478
"hay033",32000,0.00410913558311107,0.0725680599379725,0.0202394018501334,0.214568073391496,0.0493813078370842,0,0.000968037491149955,0.000467222400158706,0.0160544594302687,0.00146303527667688,0.000621377498732559,0,0.0419399549794123,0.496854269465404,0.0703788165201578,0.000729346853373598,0.00481968479498314,0.000711768576520378,0.000714170876231622,0.00341187748949677
"hay034",33000,0.00322934276183411,0.0736016366415457,0.0233566196831564,0.213158330047707,0.0501220715291622,0,0.000990159930478928,0.000627037577773657,0.0204178701107376,0.00179409271169271,0.000599597265195419,0,0.0372845410268209,0.493781750822639,0.0699862030742733,0.000785277312276879,0.00467640141670917,0.00110280520680143,0.000775688980759423,0.00371057401567064
"hay035",34000,0.00253886239210392,0.0726570152139764,0.0275331374407794,0.209761514457936,0.0501612493600261,0.000398428042972205,0.000934166313212906,0.000979793496671167,0.025955409719959,0.0019371310302854,0.000619291839145212,0,0.0328402905494436,0.493688422954514,0.0685179983017366,0.000806888279179664,0.00428170024924345,0.00147496843102565,0.000848099149215513,0.00406563292089948
"hay036",35000,0.00186942546738903,0.0714690672281257,0.0314637721521148,0.208495028995024,0.0497972492957193,0.000918541908759039,0.000708225979514963,0.00132840679494036,0.0310789891209803,0.00178157494963611,0.000908960181923873,0,0.031028609899435,0.492374344786616,0.0656009086951427,0.000824268623642663,0.00337694466730997,0.00161781714279071,0.000989614400678959,0.00436825008607901
"hay037",36000,0.00139798471590134,0.0719702846350192,0.0337417819593708,0.211197432943806,0.0502867877124215,0.00145521600409113,0.000521836136018434,0.0017501479486022,0.0324277702943735,0.00131983422047448,0.00162802488876349,0,0.0290520898761139,0.491886593699795,0.0604114304822365,0.000851998182431638,0.00261125058952294,0.00184432807514519,0.000797998084456044,0.0048472101014319
"hay038",37000,0.00129706836593931,0.0716501828602032,0.0374636121948164,0.212142087664474,0.0496734365137432,0.00197321248993257,0.000326132016786851,0.00223219391276456,0.0308238780788069,0.000918915462422738,0.00239637618371886,0,0.0260805146556705,0.497035810972256,0.0560176922932197,0.000706814812886308,0.0020294231606106,0.00191935687876943,0.000592783445635887,0.00472050874618374
"hay039",38000,0.00121685992160621,0.0726197373595939,0.0406540046956651,0.205952269006913,0.0476717021335843,0.00243367355395848,0.000129255959411362,0.00211754162897559,0.0276264657908738,0.000510234205589779,0.0029870540241159,0,0.024070258173055,0.510176899802122,0.0523518031816564,0.000528677396486425,0.00272753789723933,0.00201221791024413,0.000380978246178417,0.00383282977784622
"hay040",39000,0.00124305518660935,0.0734278639626921,0.0421830995348082,0.192017171337102,0.0448356465388263,0.00259836019927113,0,0.00167980950329393,0.0230663502658506,0.000571844252908471,0.00358280848191842,0,0.0229066723250946,0.534323704021282,0.0485149246103116,0.000377386027379339,0.00341548265124048,0.00199972381000327,0.000188702203663038,0.0030673956073214
"hay041",40000,0.0014575948041055,0.0729154359690894,0.0437330134032939,0.172627454628524,0.0427383511760592,0.00267773363623344,0,0.00121732907502089,0.018487247056212,0.00101920788156105,0.00363548925745316,0,0.0220732731224251,0.561663542170092,0.0464051186966941,0.000288566032366631,0.00438301945356248,0.00203258640436806,0,0.00264503748998687
"hay042",41000,0.00154683279386381,0.0726339826716991,0.048382547667785,0.147454782947998,0.0428539274671675,0.00275063561349768,0,0.000731628560960786,0.0170252292025867,0.00186157912620037,0.00281837980310213,0,0.0215293070067829,0.581429758026402,0.048000703146865,0.000744871180463375,0.00568004394770622,0.00199161789509639,0,0.00256417289385651
"hay043",42000,0.00141773692256391,0.0762924732000247,0.0533663139251328,0.122899312636977,0.044802571438681,0.00281833120143263,0,0.000226952046387551,0.0177527471446215,0.00272804629363962,0.00196487613785353,0,0.0211233816505372,0.591102212827269,0.0494436980659504,0.00196582299562801,0.00731058956050389,0.00194869449077436,0,0.00283623907074225
"hay044",43000,0.00146450590732862,0.0817327494014253,0.0592402180435569,0.106813999661331,0.0495333259816253,0.00305957513933947,0,0,0.0189671625185875,0.00383762097000479,0.00125175579115035,0,0.0189783958316758,0.590119487394352,0.0490289102262405,0.00347426474440249,0.00700939515920332,0.0017058901893049,0,0.00378274262567144
"hay045",44000,0.0013075077593882,0.0886127673381209,0.0664511632210634,0.0999766739942899,0.0565931703202331,0.00292296406234523,0,0,0.021786532910823,0.00423564856745812,0.000514545208506919,0,0.0165198045126293,0.572015022790328,0.0506879314651712,0.0052941021406555,0.00690245109407138,0.00160570254642389,0,0.00457401163498907
"hay046",45000,0.00100179480837944,0.0986218895263316,0.0743605369239384,0.0978131636227918,0.06441439035081,0.00256597684954336,0,0,0.0253540241003933,0.00422183140463969,0,0,0.0136344938436771,0.544860093630158,0.0521028780665956,0.0075622174755683,0.00686988042557163,0.00159446823231785,0,0.00502236026994867
"hay047",46000,0.000768344621615814,0.110155274077396,0.0798339461125913,0.100929821533605,0.0698156786181779,0.0023050336673829,0,0,0.0282916423948431,0.003987570511474,0,0,0.0110106232889557,0.519387306220026,0.0507734094465836,0.00974709033184358,0.00645119360292222,0.00164130238324022,0,0.00490176273394929
"hay048",47000,0.000660298021514517,0.119195411321279,0.0855732129136804,0.106636156783874,0.0759811201975543,0.00198089389484698,0,0,0.0303139294395763,0.00385287377726916,0,0,0.00772011266400732,0.494760427154067,0.0500858141791787,0.0114928025125556,0.0050789209173424,0.00160347028014648,0,0.00506455563817682
"hay049",48000,0.000249157914873009,0.127625967490852,0.089917363309944,0.112368582171653,0.0812015077551657,0.00074747368058545,0,0,0.0333912185740422,0.00269538590206629,0,0,0.00676794326926388,0.466207694365045,0.0533324434382264,0.0134181102046922,0.005771311737839,0.00191169947524752,0,0.00439414020867413
"hay050",49000,0,0.139011357276985,0.0922948152791143,0.119533578186928,0.0843831944509261,0,0,0,0.0369134714817969,0.00161245142899723,0,0,0.00629916939919097,0.438643033586332,0.053768892674686,0.0156726046459442,0.00629916939919097,0.00234335863827975,0,0.00322490285799446
"hay051",50000,0,0.165540541,0.091216216,0.135135135,0.084459459,0,0,0,0.043918919,0,0,0,0.006756757,0.39527027,0.047297297,0.02027027,0.006756757,0.003378378,0,0
"hay052",51000,NA,NA,NA,NA,NA,NA,NA,NA,NA,NA,NA,NA,NA,NA,NA,NA,NA,NA,NA,NA
"hay053",52000,NA,NA,NA,NA,NA,NA,NA,NA,NA,NA,NA,NA,NA,NA,NA,NA,NA,NA,NA,NA
"hay054",53000,NA,NA,NA,NA,NA,NA,NA,NA,NA,NA,NA,NA,NA,NA,NA,NA,NA,NA,NA,NA
"hay055",54000,NA,NA,NA,NA,NA,NA,NA,NA,NA,NA,NA,NA,NA,NA,NA,NA,NA,NA,NA,NA
"hay056",55000,NA,NA,NA,NA,NA,NA,NA,NA,NA,NA,NA,NA,NA,NA,NA,NA,NA,NA,NA,NA
"hay057",56000,NA,NA,NA,NA,NA,NA,NA,NA,NA,NA,NA,NA,NA,NA,NA,NA,NA,NA,NA,NA
"hay058",57000,NA,NA,NA,NA,NA,NA,NA,NA,NA,NA,NA,NA,NA,NA,NA,NA,NA,NA,NA,NA
"hay059",58000,NA,NA,NA,NA,NA,NA,NA,NA,NA,NA,NA,NA,NA,NA,NA,NA,NA,NA,NA,NA
"hay060",59000,NA,NA,NA,NA,NA,NA,NA,NA,NA,NA,NA,NA,NA,NA,NA,NA,NA,NA,NA,NA
"hay061",60000,NA,NA,NA,NA,NA,NA,NA,NA,NA,NA,NA,NA,NA,NA,NA,NA,NA,NA,NA,NA
"hay062",61000,NA,NA,NA,NA,NA,NA,NA,NA,NA,NA,NA,NA,NA,NA,NA,NA,NA,NA,NA,NA
"hay063",62000,NA,NA,NA,NA,NA,NA,NA,NA,NA,NA,NA,NA,NA,NA,NA,NA,NA,NA,NA,NA
"hay064",63000,NA,NA,NA,NA,NA,NA,NA,NA,NA,NA,NA,NA,NA,NA,NA,NA,NA,NA,NA,NA
"hay065",64000,NA,NA,NA,NA,NA,NA,NA,NA,NA,NA,NA,NA,NA,NA,NA,NA,NA,NA,NA,NA
"hay066",65000,NA,NA,NA,NA,NA,NA,NA,NA,NA,NA,NA,NA,NA,NA,NA,NA,NA,NA,NA,NA
"hay067",66000,NA,NA,NA,NA,NA,NA,NA,NA,NA,NA,NA,NA,NA,NA,NA,NA,NA,NA,NA,NA
"hay068",67000,NA,NA,NA,NA,NA,NA,NA,NA,NA,NA,NA,NA,NA,NA,NA,NA,NA,NA,NA,NA
"hay069",68000,NA,NA,NA,NA,NA,NA,NA,NA,NA,NA,NA,NA,NA,NA,NA,NA,NA,NA,NA,NA
"hay070",69000,NA,NA,NA,NA,NA,NA,NA,NA,NA,NA,NA,NA,NA,NA,NA,NA,NA,NA,NA,NA
"hay071",70000,NA,NA,NA,NA,NA,NA,NA,NA,NA,NA,NA,NA,NA,NA,NA,NA,NA,NA,NA,NA
"hay072",71000,NA,NA,NA,NA,NA,NA,NA,NA,NA,NA,NA,NA,NA,NA,NA,NA,NA,NA,NA,NA
"hay073",72000,NA,NA,NA,NA,NA,NA,NA,NA,NA,NA,NA,NA,NA,NA,NA,NA,NA,NA,NA,NA
"hay074",73000,NA,NA,NA,NA,NA,NA,NA,NA,NA,NA,NA,NA,NA,NA,NA,NA,NA,NA,NA,NA
"hay075",74000,NA,NA,NA,NA,NA,NA,NA,NA,NA,NA,NA,NA,NA,NA,NA,NA,NA,NA,NA,NA
"hay076",75000,NA,NA,NA,NA,NA,NA,NA,NA,NA,NA,NA,NA,NA,NA,NA,NA,NA,NA,NA,NA
"hay077",76000,NA,NA,NA,NA,NA,NA,NA,NA,NA,NA,NA,NA,NA,NA,NA,NA,NA,NA,NA,NA
"hay078",77000,NA,NA,NA,NA,NA,NA,NA,NA,NA,NA,NA,NA,NA,NA,NA,NA,NA,NA,NA,NA
"hay079",78000,NA,NA,NA,NA,NA,NA,NA,NA,NA,NA,NA,NA,NA,NA,NA,NA,NA,NA,NA,NA
"hay080",79000,NA,NA,NA,NA,NA,NA,NA,NA,NA,NA,NA,NA,NA,NA,NA,NA,NA,NA,NA,NA
"hay081",80000,NA,NA,NA,NA,NA,NA,NA,NA,NA,NA,NA,NA,NA,NA,NA,NA,NA,NA,NA,NA
"hay082",81000,NA,NA,NA,NA,NA,NA,NA,NA,NA,NA,NA,NA,NA,NA,NA,NA,NA,NA,NA,NA
"hay083",82000,NA,NA,NA,NA,NA,NA,NA,NA,NA,NA,NA,NA,NA,NA,NA,NA,NA,NA,NA,NA
"hay084",83000,NA,NA,NA,NA,NA,NA,NA,NA,NA,NA,NA,NA,NA,NA,NA,NA,NA,NA,NA,NA
"hay085",84000,NA,NA,NA,NA,NA,NA,NA,NA,NA,NA,NA,NA,NA,NA,NA,NA,NA,NA,NA,NA
"hay086",85000,NA,NA,NA,NA,NA,NA,NA,NA,NA,NA,NA,NA,NA,NA,NA,NA,NA,NA,NA,NA
"hay087",86000,NA,NA,NA,NA,NA,NA,NA,NA,NA,NA,NA,NA,NA,NA,NA,NA,NA,NA,NA,NA
"hay088",87000,NA,NA,NA,NA,NA,NA,NA,NA,NA,NA,NA,NA,NA,NA,NA,NA,NA,NA,NA,NA
"hay089",88000,NA,NA,NA,NA,NA,NA,NA,NA,NA,NA,NA,NA,NA,NA,NA,NA,NA,NA,NA,NA
"hay090",89000,NA,NA,NA,NA,NA,NA,NA,NA,NA,NA,NA,NA,NA,NA,NA,NA,NA,NA,NA,NA
"hay091",90000,NA,NA,NA,NA,NA,NA,NA,NA,NA,NA,NA,NA,NA,NA,NA,NA,NA,NA,NA,NA
"hay092",91000,NA,NA,NA,NA,NA,NA,NA,NA,NA,NA,NA,NA,NA,NA,NA,NA,NA,NA,NA,NA
"hay093",92000,NA,NA,NA,NA,NA,NA,NA,NA,NA,NA,NA,NA,NA,NA,NA,NA,NA,NA,NA,NA
"hay094",93000,NA,NA,NA,NA,NA,NA,NA,NA,NA,NA,NA,NA,NA,NA,NA,NA,NA,NA,NA,NA
"hay095",94000,NA,NA,NA,NA,NA,NA,NA,NA,NA,NA,NA,NA,NA,NA,NA,NA,NA,NA,NA,NA
"hay096",95000,NA,NA,NA,NA,NA,NA,NA,NA,NA,NA,NA,NA,NA,NA,NA,NA,NA,NA,NA,NA
"hay097",96000,NA,NA,NA,NA,NA,NA,NA,NA,NA,NA,NA,NA,NA,NA,NA,NA,NA,NA,NA,NA
"hay098",97000,NA,NA,NA,NA,NA,NA,NA,NA,NA,NA,NA,NA,NA,NA,NA,NA,NA,NA,NA,NA
"hay099",98000,NA,NA,NA,NA,NA,NA,NA,NA,NA,NA,NA,NA,NA,NA,NA,NA,NA,NA,NA,NA
"hay0100",99000,NA,NA,NA,NA,NA,NA,NA,NA,NA,NA,NA,NA,NA,NA,NA,NA,NA,NA,NA,NA
"hay0101",1e+05,NA,NA,NA,NA,NA,NA,NA,NA,NA,NA,NA,NA,NA,NA,NA,NA,NA,NA,NA,NA
"hay0102",101000,NA,NA,NA,NA,NA,NA,NA,NA,NA,NA,NA,NA,NA,NA,NA,NA,NA,NA,NA,NA
"hay0103",102000,NA,NA,NA,NA,NA,NA,NA,NA,NA,NA,NA,NA,NA,NA,NA,NA,NA,NA,NA,NA
"hay0104",103000,NA,NA,NA,NA,NA,NA,NA,NA,NA,NA,NA,NA,NA,NA,NA,NA,NA,NA,NA,NA
"hay0105",104000,NA,NA,NA,NA,NA,NA,NA,NA,NA,NA,NA,NA,NA,NA,NA,NA,NA,NA,NA,NA
"hay0106",105000,NA,NA,NA,NA,NA,NA,NA,NA,NA,NA,NA,NA,NA,NA,NA,NA,NA,NA,NA,NA
"hay0107",106000,NA,NA,NA,NA,NA,NA,NA,NA,NA,NA,NA,NA,NA,NA,NA,NA,NA,NA,NA,NA
"hay0108",107000,NA,NA,NA,NA,NA,NA,NA,NA,NA,NA,NA,NA,NA,NA,NA,NA,NA,NA,NA,NA
"hay0109",108000,NA,NA,NA,NA,NA,NA,NA,NA,NA,NA,NA,NA,NA,NA,NA,NA,NA,NA,NA,NA
"hay0110",109000,NA,NA,NA,NA,NA,NA,NA,NA,NA,NA,NA,NA,NA,NA,NA,NA,NA,NA,NA,NA
"hay0111",110000,NA,NA,NA,NA,NA,NA,NA,NA,NA,NA,NA,NA,NA,NA,NA,NA,NA,NA,NA,NA
"hay0112",111000,NA,NA,NA,NA,NA,NA,NA,NA,NA,NA,NA,NA,NA,NA,NA,NA,NA,NA,NA,NA
"hay0113",112000,NA,NA,NA,NA,NA,NA,NA,NA,NA,NA,NA,NA,NA,NA,NA,NA,NA,NA,NA,NA
"hay0114",113000,NA,NA,NA,NA,NA,NA,NA,NA,NA,NA,NA,NA,NA,NA,NA,NA,NA,NA,NA,NA
"hay0115",114000,NA,NA,NA,NA,NA,NA,NA,NA,NA,NA,NA,NA,NA,NA,NA,NA,NA,NA,NA,NA
"hay0116",115000,NA,NA,NA,NA,NA,NA,NA,NA,NA,NA,NA,NA,NA,NA,NA,NA,NA,NA,NA,NA
"hay0117",116000,NA,NA,NA,NA,NA,NA,NA,NA,NA,NA,NA,NA,NA,NA,NA,NA,NA,NA,NA,NA
"hay0118",117000,NA,NA,NA,NA,NA,NA,NA,NA,NA,NA,NA,NA,NA,NA,NA,NA,NA,NA,NA,NA
"hay0119",118000,NA,NA,NA,NA,NA,NA,NA,NA,NA,NA,NA,NA,NA,NA,NA,NA,NA,NA,NA,NA
"hay0120",119000,NA,NA,NA,NA,NA,NA,NA,NA,NA,NA,NA,NA,NA,NA,NA,NA,NA,NA,NA,NA
"hay0121",120000,NA,NA,NA,NA,NA,NA,NA,NA,NA,NA,NA,NA,NA,NA,NA,NA,NA,NA,NA,NA
"hay0122",121000,NA,NA,NA,NA,NA,NA,NA,NA,NA,NA,NA,NA,NA,NA,NA,NA,NA,NA,NA,NA
"hay0123",122000,NA,NA,NA,NA,NA,NA,NA,NA,NA,NA,NA,NA,NA,NA,NA,NA,NA,NA,NA,NA
"hay0124",123000,NA,NA,NA,NA,NA,NA,NA,NA,NA,NA,NA,NA,NA,NA,NA,NA,NA,NA,NA,NA
"hay0125",124000,NA,NA,NA,NA,NA,NA,NA,NA,NA,NA,NA,NA,NA,NA,NA,NA,NA,NA,NA,NA
"hay0126",125000,NA,NA,NA,NA,NA,NA,NA,NA,NA,NA,NA,NA,NA,NA,NA,NA,NA,NA,NA,NA
"hay0127",126000,NA,NA,NA,NA,NA,NA,NA,NA,NA,NA,NA,NA,NA,NA,NA,NA,NA,NA,NA,NA
"hay0128",127000,NA,NA,NA,NA,NA,NA,NA,NA,NA,NA,NA,NA,NA,NA,NA,NA,NA,NA,NA,NA
"hay0129",128000,NA,NA,NA,NA,NA,NA,NA,NA,NA,NA,NA,NA,NA,NA,NA,NA,NA,NA,NA,NA
"hay0130",129000,NA,NA,NA,NA,NA,NA,NA,NA,NA,NA,NA,NA,NA,NA,NA,NA,NA,NA,NA,NA
"hay0131",130000,NA,NA,NA,NA,NA,NA,NA,NA,NA,NA,NA,NA,NA,NA,NA,NA,NA,NA,NA,NA
"hay0132",131000,NA,NA,NA,NA,NA,NA,NA,NA,NA,NA,NA,NA,NA,NA,NA,NA,NA,NA,NA,NA
"hay0133",132000,NA,NA,NA,NA,NA,NA,NA,NA,NA,NA,NA,NA,NA,NA,NA,NA,NA,NA,NA,NA
"hay0134",133000,NA,NA,NA,NA,NA,NA,NA,NA,NA,NA,NA,NA,NA,NA,NA,NA,NA,NA,NA,NA
"hay0135",134000,NA,NA,NA,NA,NA,NA,NA,NA,NA,NA,NA,NA,NA,NA,NA,NA,NA,NA,NA,NA
"hay0136",135000,NA,NA,NA,NA,NA,NA,NA,NA,NA,NA,NA,NA,NA,NA,NA,NA,NA,NA,NA,NA
"hay0137",136000,NA,NA,NA,NA,NA,NA,NA,NA,NA,NA,NA,NA,NA,NA,NA,NA,NA,NA,NA,NA
"hay0138",137000,NA,NA,NA,NA,NA,NA,NA,NA,NA,NA,NA,NA,NA,NA,NA,NA,NA,NA,NA,NA
"hay0139",138000,NA,NA,NA,NA,NA,NA,NA,NA,NA,NA,NA,NA,NA,NA,NA,NA,NA,NA,NA,NA
"hay0140",139000,NA,NA,NA,NA,NA,NA,NA,NA,NA,NA,NA,NA,NA,NA,NA,NA,NA,NA,NA,NA
"hay0141",140000,NA,NA,NA,NA,NA,NA,NA,NA,NA,NA,NA,NA,NA,NA,NA,NA,NA,NA,NA,NA
"hay0142",141000,NA,NA,NA,NA,NA,NA,NA,NA,NA,NA,NA,NA,NA,NA,NA,NA,NA,NA,NA,NA
"hay0143",142000,NA,NA,NA,NA,NA,NA,NA,NA,NA,NA,NA,NA,NA,NA,NA,NA,NA,NA,NA,NA
"hay0144",143000,NA,NA,NA,NA,NA,NA,NA,NA,NA,NA,NA,NA,NA,NA,NA,NA,NA,NA,NA,NA
"hay0145",144000,NA,NA,NA,NA,NA,NA,NA,NA,NA,NA,NA,NA,NA,NA,NA,NA,NA,NA,NA,NA
"hay0146",145000,NA,NA,NA,NA,NA,NA,NA,NA,NA,NA,NA,NA,NA,NA,NA,NA,NA,NA,NA,NA
"hay0147",146000,NA,NA,NA,NA,NA,NA,NA,NA,NA,NA,NA,NA,NA,NA,NA,NA,NA,NA,NA,NA
"hay0148",147000,NA,NA,NA,NA,NA,NA,NA,NA,NA,NA,NA,NA,NA,NA,NA,NA,NA,NA,NA,NA
"hay0149",148000,NA,NA,NA,NA,NA,NA,NA,NA,NA,NA,NA,NA,NA,NA,NA,NA,NA,NA,NA,NA
"hay0150",149000,NA,NA,NA,NA,NA,NA,NA,NA,NA,NA,NA,NA,NA,NA,NA,NA,NA,NA,NA,NA
"hay0151",150000,NA,NA,NA,NA,NA,NA,NA,NA,NA,NA,NA,NA,NA,NA,NA,NA,NA,NA,NA,NA
