depth,calyrBP ,d18Oforams-b,sst-uk37,uk37,notes
25,3500,,11.1,0.418,1020C 1H-1 25
50,5300,,10.7,0.403,1020C 1H-1 50
75,7000,,10.55,0.375,1020C 1H-1 75
77,7120,3.64,,,1020C 1H-1 77
97,8320,3.69,,,1020C 1H-1 97
100,8500,,10.8,0.407,1020C 1H-1 100
125,9829.8,,10.3,0.39,1020C 1H-1 125
137,10468.1,4.16,,,1020C 1H-1 137
151,11212.8,,8.3,0.32,1020C 1H-2 0
157,11531.9,4.51,,,1020C 1H-2 7
175,12489.4,,8.7,0.335,1020C 1H-2 25
197,13659.6,4.64,,,1020C 1H-2 47
200,13819.1,,8.4,0.326,1020C 1H-2 50
217,14723.4,4.75,,,1020C 1H-2 67
225,15148.9,,6.83,0.272,1020C 1H-2 75
250,16478.7,,9.75,0.37,1020C 1H-2 100
257,16851.1,5.08,,,1020C 1H-2 107
275,17808.5,,6.8,0.27,1020C 1H-2 125
277,17914.9,5.14,,,1020C 1H-2 127
291,18659.6,5.235,,,1020D 1H-2 127
311,19723.4,5.185,,,1020D 1H-2 147
315,19936.2,,6.5,0.258,1020D 1H-3 0
317,20042.6,5.12,,,1020C 1H-3 17
331,20787.2,5.3,,,1020D 1H-3 17
337,21173.9,5.1,,,1020C 1H-3 37
340,21434.8,,5.9,0.239,1020D 1H-3 25
351,22391.3,5.115,,,1020D 1H-3 37
365,23608.7,,6.1,0.246,1020D 1H-3 50
371,24130.4,4.735,,,1020D 1H-3 57
377,24652.2,5.035,,,1020C 1H-3 77
390,25782.6,,5.6,0.23,1020D 1H-3 75
391,25869.6,5.13,,,1020D 1H-3 77
397,26391.3,4.95,,,1020C 1H-3 97
411,27608.7,5.075,,,1020D 1H-3 97
415,27956.5,,7.1,0.28,1020D 1H-3 100
440,30130.4,,6.1,0.248,1020D 1H-3 125
451,31087.5,4.53,,,1020D 1H-3 137
459,31787.9,,5.6,0.228,1020D 1H-3 144
465,32313.2,,5.1,0.212,1020D 1H-4 0
471,32838.5,4.87,,,1020D 1H-4 7
490,34501.9,,5.8,0.238,1020D 1H-4 25
511,36340.4,4.78,,,1020D 1H-4 47
515,36690.6,,6.6,0.264,1020D 1H-4 50
531,38091.3,4.725,,,1020D 1H-4 67
540,38879.2,,6.1,0.248,1020D 1H-4 75
551,39842.3,4.79,,,1020D 1H-4 87
565,41067.9,,7.2,0.284,1020D 1H-4 100
571,41593.2,4.87,,,1020D 1H-4 107
590,43256.6,,6.8,0.269,1020D 1H-4 125
591,43344.2,4.865,,,1020D 1H-4 127
605,44569.8,4.72,,,1020C 2H-1 17
614,45357.7,,7.4,0.29,1020D 1H-5 0
625,46320.8,4.64,,,1020C 2H-1 37
631,46846,4.775,,,1020D 1H-5 17
638,47458.9,,7.4,0.292,1020D 1H-5 25
645,48071.7,4.555,,,1020C 2H-1 57
651,48597,4.55,,,1020D 1H-5 37
663,49647.5,,7.5,0.294,1020C 2H-1 75
664,49735.1,,7.4,0.291,1020D 1H-5 50
665,49822.6,4.75,,,1020C 2H-1 77
671,50347.9,5.035,,,1020D 1H-5 57
685,51573.6,4.83,,,1020C 2H-1 97
688,51836.2,,7.5,0.293,1020C 2H-1 100
705,53324.5,4.725,,,1020C 2H-1 117
713,54024.9,,8.7,0.336,1020C 2H-1 125
725,54783.8,4.595,,,1020C 2H-1 137
738,55542.7,,7.8,0.303,1020C 2H-2 0
763,57002.2,,8,0.312,1020C 2H-2 25
788,58461.6,,7.7,0.302,1020C 2H-2 50
813,59921.1,,7.1,0.282,1020C 2H-2 75
838,61380.5,,6.6,0.262,1020C 2H-2 100
863,62840,,7.2,0.284,1020C 2H-2 125
888,64299.5,,6.7,0.268,1020C 2H-3 0
905,65408.9,4.855,,,1020C 2H-3 17
913,66063.1,,7.3,0.288,1020C 2H-3 25
925,67044.4,4.83,,,1020C 2H-3 37
938,68107.6,,7.2,0.285,1020C 2H-3 50
945,68680,4.72,,,1020C 2H-3 57
963,70152,,8.9,0.342,1020C 2H-3 75
965,70315.6,4.585,,,1020C 2H-3 77
985,71951.1,4.415,,,1020C 2H-3 97
988,72196.4,,8,0.31,1020C 2H-3 100
1005,73586.7,4.47,,,1020C 2H-3 117
1013,74240.9,,7.3,0.287,1020C 2H-3 125
1025,75222.2,4.415,,,1020C 2H-3 137
1039,76367.1,,8.2,0.318,1020C 2h-4 0
1046,76939.6,4.43,,,1020C 2H-4 7
1063,78329.8,,8.3,0.322,1020C 2H-4 25
1065,78493.3,4.2,,,1020C 2H-4 27
1085,80128.9,4.14,,,1020C 2H-4 47
1088,80374.2,,9.25,0.355,1020C 2H-4 50
1105,81764.4,4.07,,,1020C 2H-4 67
1113,82418.7,,9.8,0.372,1020C 2H-4 75
1125,83400,4.03,,,1020C 2H-4 87
1138,84512.4,,9.2,0.353,1020C 2H-4 100
1145,85111.3,4.1,,,1020C 2H-4 107
1163,86651.5,,7.3,0.287,1020C 2H-4 125
1165,86822.7,4.135,,,1020C 2H-4 127
1185,88534,4.48,,,1020C 2H-4 147
1188,88790.7,,8.4,0.326,1020C 2H-5 0
1205,90245.4,4.44,,,1020C 2H-5 17
1213,90929.9,,10.6,0.4,1020C 2H-5 25
1225,91956.7,4.37,,,1020C 2H-5 37
1232,92555.7,4.425,,,1020D 2H-1 57
1238,93069.1,,9.5,0.362,1020C 2H-5 50
1245,93668,4.29,,,1020C 2H-5 57
1252,94267,4.28,,,1020D 2H-1 77
1252,94267,,,,1020D 2H-1 77
1265,95379.4,4.195,,,1020C 2H-5 77
1272,95978.4,4.27,,,1020D 2H-1 97
1275,96235.1,,10,0.378,1020D 2H-1 100
1285,97090.7,4.105,,,1020C 2H-5 97
1292,97689.7,4.13,,,1020D 2H-1 117
1300,98374.2,,9.8,0.373,1020D 2H-1 125
1305,98802.1,4.125,,,1020C 2H-5 117
1312,99401,4.265,,,1020D 2H-1 137
1319,100000,,10.5,0.396,1020D 2H-1 144
1325,100913,4.03,,,1020C 2H-5 137
1325,100913,,9.1,0.348,1020D 2H-2 0
1332,101978.3,4.3,,,1020D 2H-2 7
1345,103956.5,4.05,,,1020C 2H-6 7
1347,104260.9,3.96,,,1020D 2H-2 22
1350,104717.4,,10,0.378,1020D 2H-2 25
1352,105021.7,4.27,,,1020D 2H-2 27
1357,105782.6,3.99,,,1020D 2H-2 32
1365,107000,4.1,,,1020C 2H-6 27
1367,107304.3,3.99,,,1020D 2H-2 42
1372,108065.2,4.135,,,1020D 2H-2 47
1375,108521.7,,9.3,0.355,1020D 2H-2 50
1377,108826.1,3.92,,,1020D 2H-2 52
1385,110043.5,4.365,,,1020C 2H-6 47
1390,110707.7,4.14,,,1020D 2H-2 62
1397,111434.6,4.34,,,1020D 2H-2 67
1402,111953.8,4.09,,,1020D 2H-2 72
1405,112265.4,4.36,,,1020C 2H-6 67
1405,112265.4,,9.1,0.349,1020D 2H-2 75
1407,112473.1,4.04,,,1020D 2H-2 77
1412,112992.3,3.905,,,1020D 2H-2 82
1417,113511.5,4.06,,,1020D 2H-2 87
1422,114030.8,4.08,,,1020D 2H-2 92
1423,114134.6,4.15,,,1020C 2H-6 85
1427,114550,3.955,,,1020D 2H-2 97
1430,114861.5,,9.9,0.375,1020D 2H-2 100
1432,115069.2,3.88,,,1020D 2H-2 102
1441,116003.8,3.705,,,1020C 2H-7 17
1455,117457.7,,11.3,0.422,1020D 2H-2 125
1457,117665.4,4.13,,,1020D 2H-2 127
1467,118703.8,3.34,,,1020D 2H-2 137
1474,119430.8,,13.2,0.487,1020D 2H-2 144
1477,119742.3,3.55,,,1020D 2H-2 147
1479,119950,3.21,,,1020C 2H-7 55
1480,120053.8,,13.6,0.503,1020D 2H-3 0
1487,120780.8,3.37,,,1020D 2H-3 7
1497,121819.2,3.095,,,1020D 2H-3 17
1505,122650,,14.1,0.518,1020D 2H-3 25
1517,123896.2,3.06,,,1020D 2H-3 37
1522,124338,3.01,,,1020D 2H-3 42
1527,124760.6,3.1,,,1020D 2H-3 47
1530,125014.1,,13.9,0.513,1020D 2H-3 50
1532,125183.1,3.12,,,1020D 2H-3 52
1537,125605.6,3.197,,,1020D 2H-3 57
1542,126028.2,3.27,,,1020D 2H-3 62
1547,126450.7,3.57,,,1020D 2H-3 67
1552,126873.2,3.555,,,1020D 2H-3 72
1555,127126.8,,11.2,0.421,1020D 2H-3 75
1557,127295.8,4.055,,,1020D 2H-3 77
1562,127718.3,3.73,,,1020D 2H-3 82
1577,128985.9,4.22,,,1020D 2H-3 97
1580,129239.4,,9.3,0.356,1020D 2H-3 100
1597,130676.1,4.765,,,1020D 2H-3 117
1605,131352.1,,8.7,0.333,1020D 2H-3 125
1624,132957.7,,9.5,0.363,1020D 2H-3 144
1637,134056.3,5.19,,,1020D 2H-4 7
1645,134732.4,4.89,,,1020C 3H-1 97
1648,134985.9,,8.6,0.331,1020C 3H-1 100
1665,136520.8,5.065,,,1020C 3H-1 117
1673,137354.2,,8.3,0.32,1020C 3H-1 125
1684,138500,4.99,,,1020C 3H-1 136
1698,139958.3,,8.3,0.32,1020C 3H-2 0
1705,140687.5,4.875,,,1020C 3H-2 7
1723,142562.5,,6.3,0.252,1020C 3H-2 25
1725,142770.8,5.005,,,1020C 3H-2 27
1745,144854.2,4.84,,,1020C 3H-2 47
1748,145166.7,,4.8,0.203,1020C 3H-2 50
1765,146937.5,4.8,,,1020C 3H-2 67
1773,147770.8,,5.624,0.23,1020C 3H-2 75
1785,148703.1,4.915,,,1020C 3H-2 87
1798,149231.2,,5.23,0.217,1020C 3H-2 100
1805,149515.6,4.885,,,1020C 3H-2 107
1823,150246.9,,5.616,0.23,1020C 3H-2 125
1825,150328.1,4.9,,,1020C 3H-2 127
1845,151140.6,4.92,,,1020C 3H-2 147
1848,151262.5,,5.339,0.221,1020C 3H-3 0
1865,151953.1,4.915,,,1020C 3H-3 17
1873,152278.1,,5.422,0.223,1020C 3H-3 25
1885,152765.6,4.945,,,1020C 3H-3 37
1898,153293.8,,5.368,0.222,1020C 3H-3 50
1905,153578.1,4.935,,,1020C 3H-3 57
1923,154309.4,,5.714,0.233,1020C 3H-3 75
1925,154390.6,4.965,,,1020C 3H-3 77
1945,155580,5,,,1020C 3H-3 97
1948,155928,,6.048,0.245,1020C 3H-3 100
1965,157900,4.885,,,1020C 3H-3 117
1973,158828,,6.496,0.26,1020C 3H-3 125
1985,160220,4.9,,,1020C 3H-3 137
1998,161728,,8.19,0.317,1020C 3H-4 0
2023,164628,,8.416,0.325,1020C 3H-4 25
2025,164860,4.81,,,1020C 3H-4 27
2045,167180,4.84,,,1020C 3H-4 47
2048,167528,,8.065,0.313,1020C 3H-4 50
2065,169500,4.72,,,1020C 3H-4 67
2073,170428,,7.812,0.305,1020C 3H-4 75
2098,173328,,9.419,0.359,1020C 3H-4 100
2105,174140,4.7,,,1020C 3H-4 107
2123,176228,,8.675,0.334,1020C 3H-4 125
2125,176460,4.73,,,1020C 3H-4 127
2144,178664,4.31,,,1020C 3H-4 146
2148,179128,,8.619,0.332,1020C 3H-5 0
2165,181100,4.79,,,1020C 3H-5 17
2173,182028,,8.717,0.335,1020C 3H-5 25
2185,183420,4.84,,,1020C 3H-5 37
2198,184844.4,,8.199,0.318,1020C 3H-5 50
2223,187483.3,,8.904,0.342,1020C 3H-5 75
2225,187694.4,4.69,,,1020C 3H-5 77
2248,190122.2,,8.355,0.323,1020C 3H-5 100
2265,191916.7,4.445,,,1020C 3H-5 117
2273,192761.1,,9.152,0.35,1020C 3H-5 125
2298,195400,,6.683,0.266,1020C 3H-6 0
2305,196138.9,4.29,,,1020C 3H-6 7
2323,198038.9,,8.911,0.342,1020C 3H-6 25
2325,198250,4.17,,,1020C 3H-6 27
2345,200361.1,4.105,,,1020C 3H-6 47
2348,200677.8,,10.73,0.404,1020C 3H-6 50
2365,202472.2,3.93,,,1020C 3H-6 67
2373,203342.7,,10.802,0.406,1020C 3H-6 75
2385,204713.4,3.94,,,1020C 3H-6 87
2398,206198.3,,8.302,0.321,1020C 3H-6 100
2405,206997.8,4.185,,,1020C 3H-6 107
2423,209053.9,,10.029,0.38,1020C 3H-6 125
2425,209282.3,4.12,,,1020C 3H-6 127
2445,211566.8,4.075,,,1020C 3H-6 147
2448,211909.5,,10.71,0.403,1020C 3H-7 0
2465,213851.3,4.04,,,1020C 3H-7 17
2472,214565.1,,12.027,0.448,1020D 3H-3 24
2473,214765.1,,12.179,0.453,1020C 3H-7 25
2484,216021.6,3.65,,,1020D 3H-3 37
2485,216135.8,3.9,,,1020C 3H-7 37
2497,217186.3,,11.956,0.446,1020C 3H-7 50
2499,217356.5,,11.633,0.435,1020D 3H-3 50
2505,217867.3,4.01,,,1020C 3H-7 57
2522,219314.3,,6.742,0.268,1020D 3H-3 74
2524,219484.5,4.15,,,1020D 3H-3 77
2525,219569.6,4.13,,,1020C 3H-7 77
2536,220506,4.245,,,1020Cc 3H-CC 7
2548,221527.4,,6.939,0.275,1020D 3H-3 100
2572,223602.8,,6.446,0.258,1020D 3H-3 124
2584,224819.4,4.49,,,1020D 3H-3 137
2592,225630.6,,6.187,0.249,1020D 3H-3 144
2598,226238.9,,6.776,0.269,1020D 3H-4 0
2604,226847.2,4.26,,,1020C 4H-1 17
2622,228672.2,,6.055,0.245,1020D 3H-4 24
2623,228773.6,4.355,,,1020C 4H-1 36
2640,230497.2,4.32,,,1020D 3H-4 47
2640,230497.2,,7.086,0.28,1020D 3H-4 50
2644,230902.8,4.15,,,1020C 4H-1 57
2650,231511.1,4.3,,,1020D 3H-4 67
2655,232018.1,,6.245,0.251,1020D 3H-4 74
2664,232930.6,4.36,,,1020C 4H-1 77
2665,233031.9,4.37,,,1020D 3H-4 87
2672,233741.7,,6.773,0.269,1020D 3H-4 100
2677.5,234299.3,4.21,,,1020D 3H-4 107
2684,234958.3,4.1,,,1020C 4H-1 97
2687,235262.5,,8.587,0.331,1020D 3H-4 124
2690,235566.7,3.973,,,1020D 3H-4 127
2700,236580.6,,9.906,0.376,1020D 3H-4 144
2702.5,236834,3.75,,,1020D 3H-4 147
2704,236986.1,3.89,,,1020C 4H-1 117
2705,237087.5,,10.539,0.397,1020D 3H-5 0
2711,237695.8,,11.655,0.435,1020C 4H-1 125
2714,238000,3.923,,,1020D 3H-5 17
2720,238857.1,3.65,,,1020D 3H-5 37
2724,239428.6,,,,1020C 4H-1 137
2737,241285.7,,8.521,0.329,1020C 4H-2 0
2744,242285.7,3.97,,,1020C 4H-2 7
2762,244857.1,,8.825,0.339,1020C 4H-2 25
2764,245142.9,,,,1020C 4H-2 27
2784,248000,4.21,,,1020C 4H-2 47
2787,248428.6,,8,0.311,1020C 4H-2 50
2804,250857.1,4.8,,,1020C 4H-2 67
2812,252000,,7.801,0.304,1020C 4H-2 75
2824,253714.3,4.895,,,1020C 4H-2 87
2837,254676.9,,8.02,0.312,1020C 4H-2 100
2844,255107.7,4.865,,,1020C 4H-2 107
2862,256215.4,,8.018,0.312,1020C 4H-2 125
2864,256338.5,4.815,,,1020C 4H-2 127
2884,257569.2,4.7,,,1020C 4H-2 147
2887,257753.8,,7.467,0.293,1020C 4H-3 0
2904,258800,4.81,,,1020C 4H-3 17
2912,259292.3,,7.861,0.306,1020C 4H-3 25
2924,260030.8,4.665,,,1020C 4H-3 37
2937,260830.8,,6.822,0.271,1020C 4H-3 50
2944,261261.5,4.57,,,1020C 4H-3 57
2962,262529,,5.625,0.23,1020C 4H-3 75
2964,262705.3,4.66,,,1020C 4H-3 77
2987,264733,,6.015,0.244,1020C 4H-3 100
3004,266231.7,4.69,,,1020C 4H-3 117
3012,266937,,6.358,0.255,1020C 4H-3 125
3037,269141.1,,7.07,0.279,1020C 4H-4 0
3062,271345.1,,7.269,0.286,1020C 4H-4 25
3087,273549.1,,6.39,0.256,1020C 4H-4 50
3112,275753.2,,7.801,0.304,1020C 4H-4 75
3137,277957.2,,6.73,0.268,1020C 4H-4 100
3162,280161.2,,6.643,0.265,1020C 4H-4 125
3184,282100.8,4.65,,,1020C 4H-4 147
3187,282365.3,,8.187,0.317,1020C 4H-5 0
3204,283864,4.47,,,1020C 4H-5 17
3212,284569.3,,8.265,0.32,1020C 4H-5 25
3224,285627.2,4.375,,,1020C 4H-5 37
3237,286773.3,,8.721,0.336,1020C 4H-5 50
3244,287390.5,4.23,,,1020C 4H-5 57
3262,288977.4,,10.435,0.394,1020C 4H-5 75
3264,289153.7,4.185,,,1020C 4H-5 77
3284,291402.1,4.2,,,1020C 4H-5 97
3287,291747.5,,7.322,0.288,1020C 4H-5 100
3304,293704.5,4.37,,,1020C 4H-5 117
3312,294625.5,,6.632,0.264,1020C 4H-5 125
3324,296006.9,4.58,,,1020C 4H-5 137
3337,297503.5,,7.84,0.306,1020C 4H-6 0
3344,298309.3,4.64,,,1020C 4H-6 7
3362,300125,,7.716,0.301,1020C 4H-6 25
3363,300218.8,4.44,,,1020D 4H-2 27
3364,300312.5,4.58,,,1020C 4H-6 27
3386,302375,,7.472,0.293,1020D 4H-2 50
3388,302562.5,4.29,,,1020D 4H-2 47
3390,302750,4.44,,,1020C 4H-6 47
3393,303031.2,,8.519,0.329,1020C 4H-6 50
3409,304531.2,4.23,,,1020D 4H-2 67
3410,304625,4.44,,,1020C 4H-6 67
3418,305375,,9.111,0.349,1020C 4H-6 75
3420,305562.5,,9.007,0.345,1020D 4H-2 74
3428,306312.5,4.03,,,1020D 4H-2 87
3430,306500,4.68,,,1020C 4H-6 87
3442,307625,,6.759,0.269,1020D 4H-2 100
3449,308281.2,4.31,,,1020D 4H-2 107
3466,309875,,9.136,0.35,1020D 4H-2 124
3469,310156.2,4.05,,,1020D 4H-2 127
3470,310250,3.96,,,1020C 4H-6 127
3486,311750,,9.415,0.359,1020D 4H-2 144
3489,312031.2,3.86,,,1020D 4H-2 147
3490,312125,3.95,,,1020C 4H-6 147
3492,312312.5,,9.568,0.364,1020D 4H-3 0
3509,313906.2,3.775,,,1020D 4H-3 17
3510,314000,3.73,,,1020C 4H-7 17
3516,314562.5,,10.62,0.4,1020D 4H-3 24
3530,315875,3.72,,,1020C 4H-7 37
3542,317000,,8.613,0.332,1020D 4H-3 50
3549,318054.2,3.95,,,1020D 4H-3 57
3550,318204.8,3.73,,,1020C 4H-7 57
3566,320614.5,,10.323,0.39,1020D 4H-3 74
3569,321066.3,3.74,,,1020D 4H-3 77
3570,321216.9,3.69,,,1020C 4H-7 77
3589,324078.3,3.58,,,1020D 4H-3 97
3592,324530.1,,11.437,0.428,1020D 4H-3 100
3609,327090.4,3.38,,,1020D 4H-3 117
3616,328144.6,,12.365,0.459,1020D 4H-3 124
3629,329963.7,3.31,,,1020D 4H-3 137
3633,330427.4,,12.54,0.465,1020D 4H-3 141
3642,331470.8,,12.758,0.473,1020D 4H-4 0
3649,332282.3,3.2,,,1020D 4H-4 7
3666,334253.1,,10.609,0.4,1020D 4H-4 24
3669,334600.9,3.54,,,1020D 4H-4 27
3689,336919.5,4.45,,,1020D 4H-4 47
3691,337151.3,,7.856,0.272,1020C 5H-1 50
3692,337267.3,,7.922,0.308,1020D 4H-4 50
3698,337962.8,4.55,,,1020C 5H-1 57
3709,339238.1,4.68,,,1020D 4H-4 67
3716,340049.6,,6.867,0.19,1020C 5H-1 75
3729,341556.6,4.59,,,1020D 4H-4 87
3738,342600,4.805,,,1020C 5H-1 97
3741,342822.4,,7.448,0.23,1020C 5H-1 100
3758,344083,4.8,,,1020C 5H-1 117
3766,344676.2,,7.773,0.255,1020C 5H-1 125
3791,346529.9,,7.595,0.237,1020C 5H-2 0
3798,347049,4.66,,,1020C 5H-2 7
3816,348383.7,,8.545,0.29,1020C 5H-2 25
3818,348532,4.515,,,1020C 5H-2 27
3841,350237.4,,6.155,0.187,1020C 5H-2 50
3858,351498,4.46,,,1020C 5H-2 67
3866,352091.2,,5.834,0.115,1020C 5H-2 75
3878,352981,4.51,,,1020C 5H-2 87
3891,354115.6,,5.044,0.08,1020C 5H-2 100
3916,356680.5,,5.586,0.168,1020C 5H-2 125
3918,356885.7,4.53,,,1020C 5H-2 127
3938,358937.7,4.43,,,1020C 5H-2 147
3941,359245.5,,5.476,0.127,1020C 5H-3 0
3966,361810.4,,5.757,0.142,1020C 5H-3 25
3978,363041.6,4.31,,,1020C 5H-3 37
3991,364375.3,,6.567,0.167,1020C 5H-3 50
3998,365093.5,4.35,,,1020C 5H-3 57
4016,366940.3,,6.44,0.166,1020C 5H-3 75
4038,369197.4,4.3,,,1020C 5H-3 97
4041,369505.2,,7.493,0.219,1020C 5H-3 100
4058,371249.4,4.34,,,1020C 5H-3 117
4066,372070.1,,7.282,0.256,1020C 5H-3 125
4091,374635.1,,8.029,0.257,1020C 5H-4 0
4098,375353.2,4.18,,,1020C 5H-4 7
4116,377200,,6.616,0.264,1020C 5H-4 25
4118,377405.2,4.1,,,1020C 5H-4 27
4141,379764.9,,8.043,0.312,1020C 5H-4 50
4158,381509.1,4.16,,,1020C 5H-4 67
4166,382329.9,,8.145,0.316,1020C 5H-4 75
4178,383561,4.02,,,1020C 5H-4 87
4191,384894.8,,7.38,0.29,1020C 5H-4 100
4216,387459.7,,8.048,0.313,1020C 5H-4 125
4218,387664.9,4.21,,,1020C 5H-4 127
4241,390024.7,,7.879,0.307,1020C 5H-5 0
4266,392589.6,,9.707,0.369,1020C 5H-5 25
4278,393800,4.57,,,1020C 5H-5 37
4291,395100,,10.696,0.403,1020C 5H-5 50
4298,395800,3.85,,,1020C 5H-5 57
4316,397600,,12.746,0.472,1020C 5H-5 75
4338,399800,3.25,,,1020C 5H-5 97
4341,400100,,13.983,0.514,1020C 5H-5 100
4358,402680,3.2,,,1020C 5H-5 117
4366,404360,,13.07,0.483,1020C 5H-5 125
4391,409610,,12.703,0.471,1020C 5H-6 0
4398,411080,3.28,,,1020C 5H-6 7
4416,414860,,12.693,0.471,1020C 5H-6 25
4418,415280,3.36,,,1020C 5H-6 27
4441,420110,,12.169,0.453,1020C 5H-6 50
4458,422509.1,4.105,,,1020C 5H-6 67
4466,423018.2,,9.468,0.361,1020C 5H-6 75
4478,423781.8,4.59,,,1020C 5H-6 87
4491,424609.1,,7.025,0.278,1020C 5H-6 100
4516,426200,,5.672,0.232,1020C 5H-6 125
4518,426327.3,5.005,,,1020C 5H-6 127
4541,427790.9,5.02,,,1020D 5H-2 147
4561,429110.2,5.045,,,1020D 5H-3 17
4568,429881.9,,6.85,0.272,1020D 5H-3 25
4581,431315,5.12,,,1020D 5H-3 37
4593,432637.8,,5.357,0.221,1020D 5H-3 50
4598,433189,4.94,,,1020C 5H-3 57
4601,433519.7,4.83,,,1020D 5H-3 57
4618,435393.7,,5.504,0.226,1020D 5H-3 74
4621,435724.4,4.98,,,1020D 5H-3 77
4641,437929.1,4.88,,,1020D 5H-3 97
4644,438259.8,,6.271,0.252,1020D 5H-3 100
4661,440133.9,4.81,,,1020D 5H-3 117
4668,440905.5,,6.559,0.262,1020D 5H-3 124
4681,442338.6,4.715,,,1020D 5H-3 137
4688,443087.8,,7.542,0.295,1020D 5H-3 144
4694,443614.3,,7.652,0.299,1020D 5H-4 0
4701,444228.6,4.64,,,1020D 5H-4 7
4718,445720.6,,8.683,0.334,1020D 5H-4 24
4721,445983.8,4.49,,,1020D 5H-4 27
4741,447739,4.525,,,1020D 5H-4 47
4744,448002.3,,7.747,0.302,1020D 5H-4 50
4749,448441.1,4.53,,,1020C 6H-1 37
4761,449494.2,4.49,,,1020D 5H-4 67
4762,449582,,7.027,0.278,1020C 6H-1 50
4768,450108.5,,6.191,0.25,1020D 5H-4 74
4769,450196.3,4.46,,,1020C 5H-4 57
4781,451249.4,4.51,,,1020D 5H-4 87
4787,451776,,5.743,0.234,1020C 6H-1 75
4801,453004.6,4.555,,,1020D 5H-4 107
4809,453706.7,4.535,,,1020C 6H-1 97
4812,453970,,6.659,0.265,1020C 6H-1 100
4829,455461.9,4.37,,,1020C 6H-1 117
4837,456164,,6.84,0.272,1020C 6H-1 125
4862,458358,,4.885,0.205,1020C 6H-2 0
4869,458972.3,4.505,,,1020C 6H-2 7
4887,460552,,6.881,0.273,1020C 6H-2 25
4889,460727.5,4.475,,,1020C 6H-2 27
4912,462746,,7.932,0.309,1020C 6H-2 50
4929,464237.9,4.32,,,1020C 6H-2 67
4937,464940,,7.472,0.293,1020C 6H-2 75
4949,465993.1,4.345,,,1020C 6H-2 87
4962,467133.9,,6.349,0.255,1020C 6H-2 100
4987,469327.9,,7.414,0.291,1020C 6H-2 125
4989,469503.5,4.35,,,1020C 6H-2 127
5009,471258.7,4.2,,,1020C 6H-2 147
5012,471521.9,,8.509,0.328,1020C 6H-3 0
5037,473715.9,,8.532,0.329,1020C 6H-3 25
5049,474769.1,4.01,,,1020C 6H-3 37
5062,475909.9,,6.979,0.276,1020C 6H-3 50
5069,476524.2,4.09,,,1020C 6H-3 57
5087,478103.9,,9.061,0.347,1020C 6H-3 75
5109,480034.6,3.815,,,1020C 6H-3 97
5112,480297.9,,7.322,0.288,1020C 6H-3 100
5129,482032.8,3.765,,,1020C 6H-3 117
5137,482950.8,,9.294,0.355,1020C 6H-3 125
5162,485819.7,,9.579,0.365,1020C 6H-4 0
5169,486623,3.68,,,1020C 6H-4 7
5187,488688.5,,9.675,0.368,1020C 6H-4 25
5189,488918,3.785,,,1020C 6H-4 27
5212,491557.4,,10.1,0.382,1020C 6H-4 50
5229,493508.2,3.63,,,1020C 6H-4 67
5237,494426.2,,10.204,0.386,1020C 6H-4 75
5249,495803.3,3.8,,,1020C 6H-4 87
5262,497295.1,,9.931,0.377,1020C 6H-4 100
5287,500163.9,,9.403,0.359,1020C 6H-4 125
5289,500393.4,3.79,,,1020C 6H-4 127
5309,502688.5,3.86,,,1020C 6H-4 147
5312,503032.8,,9.279,0.354,1020C 6H-5 0
5337,505901.6,,7.737,0.302,1020C 6H-5 25
5349,507278.7,4.03,,,1020C* 6H-5 37
5362,508770.5,,8.892,0.341,1020C 6H-5 50
5369,509573.8,4.07,,,1020C* 6H-5 57
5387,511639.3,,10.038,0.38,1020C 6H-5 75
5409,514163.9,4.28,,,1020C* 6H-5 97
5412,514508.2,,9.637,0.367,1020C 6H-5 100
5429,516459,4.15,,,1020C* 6H-5 117
5437,517377,,10.03,0.38,1020C 6H-5 125
5462,520245.9,,10.132,0.383,1020C 6H-6 0
5469,521049.2,3.97,,,1020C 6H-6 7
5487,523132.5,,8.387,0.324,1020C 6H-6 25
5489,523397.5,3.895,,,1020C 6H-6 27
5512,526445,,10.062,0.381,1020C 6H-6 50
5529,528697.5,4.03,,,1020C 6H-6 67
5537,529757.5,,9.451,0.36,1020C 6H-6 75
5549,531347.5,4.105,,,1020C 6H-6 87
5562,533070,,7.048,0.279,1020C 6H-6 100
5587,536382.5,,7.19,0.283,1020C 6H-6 125
5589,536647.5,4.41,,,1020C 6H-6 127
5609,539112.4,4.485,,,1020C 6H-6 147
5612,539324.7,,8.042,0.312,1020C 6H-7 0
5615,539537.1,4.475,,,1020D 6H-3 37
5628,540457.3,,8.609,0.332,1020D 6H-3 50
5635,540952.8,4.425,,,1020D 6H-3 57
5637,541094.4,,7.976,0.31,1020C 6H-7 25
5649,541943.8,4.44,,,1020C 6H-7 37
5652,542156.2,,8.666,0.334,1020D 6H-3 74
5655,542368.5,4.435,,,1020D 6H-3 77
5662,542864,,7.507,0.294,1020C 6H-7 50
5669,543359.6,4.425,,,1020C 6H-7 57
5675,543784.3,4.4,,,1020D 6H-3 97
5678,543996.6,,7.994,0.311,1020D 6H-3 100
5687,544633.7,,7.853,0.306,1020C 6H-7 75
5695,545200,4.325,,,1020D 6H-3 117
5702,545695.5,,8.082,0.314,1020D 6H-3 124
5715,546615.7,4.31,,,1020D 6H-3 137
5722,547111.2,,8.328,0.322,1020D 6H-3 144
5728,547536,,7.987,0.311,1020D 6H-4 0
5735,548031.5,4.26,,,1020D 6H-4 7
5752,549234.8,,7.492,0.294,1020D 6H-4 24
5754,549376.4,,7.113,0.281,1020C 7H-1 100
5755,549447.2,4.2,,,1020D 6H-4 27
5775,550862.9,4.105,,,1020D 6H-4 47
5776,550933.7,,8.267,0.32,1020D 6H-4 50
5779,551146.1,,9.795,0.372,1020C 7H-1 125
5795,552818.6,3.955,,,1020D 6H-4 67
5804,553897.4,,9.003,0.345,1020C 7H-2 0
5815,555216,4.045,,,1020D 6H-4 87
5829,556894.2,,10.178,0.385,1020C 7H-2 25
5854,559891,,7.409,0.291,1020C 7H-2 50
5879,562887.8,,9.607,0.366,1020C 7H-2 75
5904,565884.6,,10.546,0.398,1020C 7H-2 100
5929,568881.4,,12.333,0.458,1020C 7H-2 125
5954,571624.8,,11.776,0.439,1020C 7H-3 0
5979,574169,,12.474,0.463,1020C 7H-3 25
6004,576713.3,,8.567,0.33,1020C 7H-3 50
6029,579257.5,,8.51,0.328,1020C 7H-3 75
6054,581801.8,,9.608,0.366,1020C 7H-3 100
6079,584346,,8.467,0.327,1020C 7H-3 125
6104,586890.3,,8.235,0.319,1020C 7H-4 0
6129,589434.5,,9.966,0.378,1020C 7H-4 25
6154,591978.8,,8.691,0.334,1020C 7H-4 50
6179,594523,,8.807,0.338,1020C 7H-4 75
6204,597067.3,,11.247,0.421,1020C 7H-4 100
6229,599611.5,,8.044,0.312,1020C 7H-4 125
6254,602155.8,,7.34,0.289,1020C 7H-5 0
6279,604700,,8.569,0.33,1020C 7H-5 25
6304,607244.2,,9.245,0.353,1020C 7H-5 50
6329,609788.5,,9.623,0.366,1020C 7H-5 75
6354,612332.7,,8.627,0.332,1020C 7H-5 100
6379,614877,,11.43,0.428,1020C 7H-5 125
6404,617146.1,,11.458,0.429,1020C 7H-6 0
6429,619117.1,,11.129,0.417,1020C 7H-6 25
6454,621088.2,,8.939,0.343,1020C 7H-6 50
6479,623059.2,,8.312,0.322,1020C 7H-6 75
6504,625030.3,,8.477,0.327,1020C 7H-6 100
6529,627001.3,,9.372,0.358,1020C 7H-6 125
6549,628578.2,,9.105,0.349,1020C 7H-6 144
6564,629760.8,,8.834,0.339,1020D 7H-3 0
6577,630785.7,4.276,,,1020C 8H-1 010-015
6589,631731.8,,7.695,0.301,1020D 7H-3 25
6607,633151,4.189,,,1020C 8H-1 40-45
6614,633702.9,,7.771,0.303,1020D 7H-3 50
6637,635516.3,4.155,,,1020C 8H-1 70-75
6639,635673.9,,8.257,0.32,1020D 7H-3 75
6664,637645,,8.763,0.337,1020D 7H-3 99
6667,637881.5,4.026,,,1020C 8H-1 100-105
6689,639616,,9.068,0.347,1020D 7H-3 125
6690,639694.9,,9.148,0.35,1020C 8H-1 125
6697,640246.8,3.964,,,1020C 8H-1 130-135
6715,641665.9,,8.766,0.337,1020C 8H-2 0
6727,642612,4.036,,,1020C 8H-2 010-015
6740,643637,,9.248,0.353,1020C 8H-2 25
6757,644977.3,3.947,,,1020C 8H-2 40-45
6765,645608,,8.952,0.343,1020C 8H-2 50
6787,647342.5,3.998,,,1020C 8H-2 70-75
6790,647579.1,,9.266,0.354,1020C 8H-2 75
6815,649550.1,,7.765,0.303,1020C 8H-2 99
6817,649707.8,3.751,,,1020C 8H-2 100-105
6840,651521.2,,8.128,0.315,1020C 8H-2 125
6847,652073.1,3.917,,,1020C 8H-2 130-135
6865,653492.2,,9.617,0.366,1020C 8H-3 0
6877,654438.3,3.722,,,1020C 8H-3 010-015
6890,655463.3,,10.125,0.383,1020C 8H-3 25
6907,656803.6,3.666,,,1020C 8H-3 40-45
6915,657434.3,,7.949,0.309,1020C 8H-3 50
6937,659168.8,3.764,,,1020C 8H-3 70-75
6940,659405.3,,7.985,0.311,1020C 8H-3 75
6965,661376.4,,9.487,0.362,1020C 8H-3 100
6967,661534.1,3.716,,,1020C 8H-3 100-105
6990,663347.4,,8.031,0.312,1020C 8H-3 125
6997,663899.3,3.619,,,1020C 8H-3 130-135
7015,665318.5,,8.497,0.328,1020C 8H-4 0
7027,666264.6,3.583,,,1020C 8H-4 010-015
7040,667289.5,,10.911,0.41,1020C 8H-4 25
7057,668629.8,3.36,,,1020C 8H-4 40-45
7065,669260.6,,8.239,0.319,1020C 8H-4 50
7087,670995.1,3.342,,,1020C 8H-4 70-75
7090,671231.6,,10.953,0.411,1020C 8H-4 75
7115,673202.7,,7.881,0.307,1020C 8H-4 100
7117,673360.4,3.257,,,1020C 8H-4 100-105
7140,675173.7,,10.687,0.402,1020C 8H-4 125
7165,677144.8,,10.549,0.398,1020C 8H-5 0
7190,679115.8,,11.634,0.435,1020C 8H-5 25
7215,681086.9,,11.926,0.444,1020C 8H-5 50
7240,683057.9,,12.76,0.473,1020C 8H-5 75
7265,685029,,11.679,0.436,1020C 8H-5 100
7290,687000,,12.527,0.465,1020C 8H-5 125
7315,690676.5,,13.629,0.502,1020C 8H-6 0
7340,694352.9,,12.318,0.458,1020C 8H-6 25
7357,696852.9,3.366,,,1020C 8H-6 40-45
7365,698029.4,,10.721,0.404,1020C 8H-6 50
7387,701264.7,3.745,,,1020C 8H-6 70-75
7390,701705.9,,9.179,0.351,1020C 8H-6 75
7415,705382.4,,8.887,0.341,1020C 8H-6 100
7417,705676.5,3.842,,,1020C 8H-6 100-105
7440,709058.8,,9.153,0.35,1020C 8H-6 125
7447,710088.2,3.933,,,1020C 8H-6 130-135
7465,712735.3,,10.556,0.398,1020C 8H-7 0
7477,714500,3.864,,,1020C 8H-7 010-015
7490,716411.8,,11.3,0.423,1020C 8H-7 25
7506,718764.7,,11.708,0.437,1020D 8H-3 0
7515,720088.2,,11.887,0.443,1020C 8H-7 50
7531,722441.2,,10.944,0.411,1020D 8H-3 25
7536,723176.5,3.591,,,1020C 8H-7 69-74
7556,726117.6,,11.21,0.42,1020D 8H-3 50
7581,729794.1,,11.533,0.431,1020D 8H-3 75
7589,730970.6,3.388,,,1020C 9H-1 010-015
7605,733323.5,,11.414,0.427,1020D 8H-3 99
7619,735382.4,3.494,,,1020C 9H-1 40-45
7631,737091.3,,11.198,0.42,1020D 8H-3 125
7649,738733.8,3.551,,,1020C 9H-1 70-75
7651,738916.3,,11.017,0.414,1020D 8H-3 145
7652,739007.6,,11.392,0.426,1020C 9H-1 75
7677,741289,,11.84,0.442,1020C 9H-1 100
7679,741471.5,3.564,,,1020C 9H-1 100-105
7702,743570.3,,8.643,0.333,1020C 9H-1 125
7709,744209.1,3.922,,,1020C 9H-1 130-135
7727,745851.7,,9.739,0.37,1020C 9H-2 0
7739,746946.8,3.89,,,1020C 9H-2 010-015
7752,748133.1,,9.243,0.353,1020C 9H-2 25
7777,750414.4,,9.405,0.359,1020C 9H-2 50
7802,752695.8,,9.922,0.376,1020C 9H-2 75
7827,754977.2,,9.617,0.366,1020C 9H-2 100
7829,755159.7,3.601,,,1020C 9H-2 100-105
7852,757258.6,,9.945,0.377,1020C 9H-2 125
7859,757897.3,3.497,,,1020C 9H-2 130-135
7877,759539.9,,9.767,0.371,1020C 9H-3 0
7889,760635,3.568,,,1020C 9H-3 010-015
7902,761821.3,,10.164,0.385,1020C 9H-3 25
7927,764102.7,,11.145,0.418,1020C 9H-3 50
7949,766110.3,3.319,,,1020C 9H-3 70-75
7952,766384,,8.929,0.343,1020C 9H-3 75
7977,768665.4,,9.592,0.365,1020C 9H-3 100
8002,770946.8,,11.137,0.418,1020C 9H-3 125
8027,773228.1,,9.547,0.364,1020C 9H-4 0
8052,775509.5,,11.911,0.444,1020C 9H-4 25
8077,777790.9,,11.254,0.422,1020C 9H-4 50
8102,780072.2,,12.126,0.451,1020C 9H-4 75
8127,782353.6,,10.543,0.397,1020C 9H-4 100
8129,782536.1,2.92,,,1020C 9H-4 100-105
8152,784635,,12.001,0.447,1020C 9H-4 125
8159,785367.6,3.289,,,1020C 9H-4 130-135
8177,787573.5,,8.676,0.334,1020C 9H-5 0
8189,789044.1,3.684,,,1020C 9H-5 010-015
8202,790637.3,,6.703,0.267,1020C 9H-5 25
8227,793701,,7.081,0.28,1020C 9H-5 50
8252,796764.7,,7.497,0.294,1020C 9H-5 75
8277,799828.4,,6.58,0.263,1020C 9H-5 100
8279,800073.5,3.882,,,1020C 9H-5 100-105
8302,802892.2,,7.384,0.29,1020C 9H-5 125
8309,803750,3.677,,,1020C 9H-5 130-135
8327,805955.9,,6.973,0.276,1020C 9H-6 0
8339,807426.5,3.678,,,1020C 9H-6 010-015
8352,809019.6,,8.813,0.339,1020C 9H-6 25
8369,810738,3.47,,,1020C 9H-6 40-45
8377,811394,,8.294,0.321,1020C 9H-6 50
8399,813198,3.457,,,1020C 9H-6 70-75
